Workbook
Name Anderthalbhänder: Waffen!$B$4:$B$8
Name Dolche: Waffen!$B$9:$B$27
Name Fechtwaffen: Waffen!$B$28:$B$36
Name Fernkampftalente: Kampftechniken!$B$24:$B$33
Name Hände: Waffen!$B$156
Name Hiebwaffen: Waffen!$B$37:$B$61
Name Infanteriewaffen: Waffen!$B$62:$B$73
Name Kettenstäbe: Waffen!$B$74:$B$75
Name Kettenwaffen: Waffen!$B$76:$B$81
Name Lanzenreiten: Waffen!$B$82:$B$84
Name Lernkomplexität: Rechner!$A$17:$B$25
Name ManoeverTabelle: Nahkampfwaffen[[Ausfall]:[Wuchtschlag]]
Name Nahkampftalente: Kampftechniken!$B$4:$B$20
Name NahkampfWaffenTabelle: Nahkampfwaffen[Waffe]
Name Peitsche: Waffen!$B$85
Name Raufen: Waffen!$B$156
Name Ringen: Waffen!$B$157
Name Säbel: Waffen!$B$86:$B$98
Name Schwerter: Waffen!$B$99:$B$112
Name Speere: Waffen!$B$113:$B$127
Name Stäbe: Waffen!$B$128:$B$130
Name Zweihand_Hiebwaffen: Waffen!$B$133:$B$146
Name Zweihandflegel: Waffen!$B$131:$B$132
Name Zweihandschwerter_Säbel: Waffen!$B$147:$B$155

Sheet Eigenschaften
B2: HELDENDOKUMENT
B3: Name | C3: Gerajin Sirella von Tuzak
B4: Rasse | C4: Mittelländer+ | K4: (Modifikationen): | M4: CH+1,LE+12,
B5: Kultur | C5: Maraskan | K5: (Modifikationen): | M5: IN+1, MR+1,
B6: Profession | C6: Hexe: Verschwiegende Hexe | K6: (Modifikationen): | M6: MR+2,AE+13,
B8: Geschlecht | C8: Männlich (Non-Binär) | K8: Stand
B9: Alter | C9: 21 (21. Ingrimm 1015 BF) | K9: Titel
B10: Größe | C10: 177 | K10: Sozialstatus | M10: 3
B11: Gewicht | C11: 70 | K11: Familie/Herkunft/Hintergrund
B12: Haarfarbe | C12: Silber | K12: CH steigern nach G
B13: Augenfarbe
B14: Aussehen
B15: Lange Haare, schmale Gesichtsform, weibliche Züge
B17: Eigenschaften & Basiswerte
D19: Modifikator aus Generierung | E19: Attributo | F19: Start | G19: Aktuell | H19: Calc | I19: Max. Wert | N19: Modifikator | O19: Start | P19: Aktuell | Q19: Zugekauft | R19: Max. Zug.
B20: Mut | C20: MU | D20: =IF(ISNUMBER((SEARCH(C20,$M$4))),_xlfn.NUMBERVALUE(MID($M$4,SEARCH(C20,$M$4)+2,2)),0)+IF(ISNUMBER((SEARCH(C20,$M$5))),_xlfn.NUMBERVALUE(MID($M$5,SEARCH(C20,$M$5)+2,2)),0)+IF(ISNUMBER((SEARCH(C20,$O$6))),_xlfn.NUMBERVALUE(MID($O$6,SEARCH(C20,$O$6)+2,2)),0) -> 0 | E20: 0 | F20: 13 | G20: 13 | H20: =G20+E20 -> 13 | I20: =ROUND((D20+F20)*1.5,0) -> 20 | K20: Lebenspunkte | L20: LE | M20: (KO+KO+KK)/2 | N20: =IF(NOT(ISERROR(FIND(L20,$M$4))),_xlfn.NUMBERVALUE(MID($M$4,FIND(L20,$M$4)+LEN(L20),FIND(",",$M$4,FIND(L20,$M$4))-FIND(L20,$M$4)-LEN(L20))),0)+IF(NOT(ISERROR(FIND(L20,$M$5))),_xlfn.NUMBERVALUE(MID($M$5,FIND(L20,$M$5)+LEN(L20),FIND(",",$M$5,FIND(L20,$M$5))-FIND(L20,$M$5)-LEN(L20))),0)+IF(NOT(ISERROR(FIND(L20,$M$6))),_xlfn.NUMBERVALUE(MID($M$6,FIND(L20,$M$6)+LEN(L20),FIND(",",$M$6,FIND(L20,$M$6))-FIND(L20,$M$6)-LEN(L20))),0)+IF(NOT(ISERROR(FIND(L20,$B$33))),_xlfn.NUMBERVALUE(MID($B$33,FIND(L20,$B$33)+LEN(L20),FIND(",",$B$33,FIND(L20,$B$33))-FIND(L20,$B$33)-LEN(L20))),0)+IF(NOT(ISERROR(FIND(L20,$B$37))),_xlfn.NUMBERVALUE(MID($B$37,FIND(L20,$B$37)+LEN(L20),FIND(",",$B$37,FIND(L20,$B$37))-FIND(L20,$B$37)-LEN(L20))),0) -> 12 | O20: =SUM((G26+G26+G27)/2) -> 18 | P20: =ROUND(IF(Q41>21,21,Q41)+N20+O20+Q20,0) -> 37 | Q20: 0 | R20: =ROUND(G26/2,0) -> 6
B21: Klugheit | C21: KL | D21: =IF(ISNUMBER((SEARCH(C21,$M$4))),_xlfn.NUMBERVALUE(MID($M$4,SEARCH(C21,$M$4)+2,2)),0)+IF(ISNUMBER((SEARCH(C21,$M$5))),_xlfn.NUMBERVALUE(MID($M$5,SEARCH(C21,$M$5)+2,2)),0)+IF(ISNUMBER((SEARCH(C21,$O$6))),_xlfn.NUMBERVALUE(MID($O$6,SEARCH(C21,$O$6)+2,2)),0) -> 0 | E21: 0 | F21: 12 | G21: 12 | H21: =G21+E21 -> 12 | I21: =ROUND((D21+F21)*1.5,0) -> 18 | K21: Ausdauer | L21: AU | M21: (MU+KO+GE)/2 | N21: =IF(NOT(ISERROR(FIND(L21,$M$4))),_xlfn.NUMBERVALUE(MID($M$4,FIND(L21,$M$4)+LEN(L21),FIND(",",$M$4,FIND(L21,$M$4))-FIND(L21,$M$4)-LEN(L21))),0)+IF(NOT(ISERROR(FIND(L21,$M$5))),_xlfn.NUMBERVALUE(MID($M$5,FIND(L21,$M$5)+LEN(L21),FIND(",",$M$5,FIND(L21,$M$5))-FIND(L21,$M$5)-LEN(L21))),0)+IF(NOT(ISERROR(FIND(L21,$M$6))),_xlfn.NUMBERVALUE(MID($M$6,FIND(L21,$M$6)+LEN(L21),FIND(",",$M$6,FIND(L21,$M$6))-FIND(L21,$M$6)-LEN(L21))),0)+IF(NOT(ISERROR(FIND(L21,$B$33))),_xlfn.NUMBERVALUE(MID($B$33,FIND(L21,$B$33)+LEN(L21),FIND(",",$B$33,FIND(L21,$B$33))-FIND(L21,$B$33)-LEN(L21))),0)+IF(NOT(ISERROR(FIND(L21,$B$37))),_xlfn.NUMBERVALUE(MID($B$37,FIND(L21,$B$37)+LEN(L21),FIND(",",$B$37,FIND(L21,$B$37))-FIND(L21,$B$37)-LEN(L21))),0) -> 0 | O21: =SUM((G20+G26+G25)/2) -> 19.5 | P21: =ROUND(SUM(N21+O21+Q21+2*Q41),0) -> 34 | Q21: 0 | R21: =ROUND(G26*2,0) -> 24
B22: Intuition | C22: IN | D22: =IF(ISNUMBER((SEARCH(C22,$M$4))),_xlfn.NUMBERVALUE(MID($M$4,SEARCH(C22,$M$4)+2,2)),0)+IF(ISNUMBER((SEARCH(C22,$M$5))),_xlfn.NUMBERVALUE(MID($M$5,SEARCH(C22,$M$5)+2,2)),0)+IF(ISNUMBER((SEARCH(C22,$O$6))),_xlfn.NUMBERVALUE(MID($O$6,SEARCH(C22,$O$6)+2,2)),0) -> 1 | E22: 0 | F22: 15 | G22: 15 | H22: =G22+E22 -> 15 | I22: =ROUND((D22+F22)*1.5,0) -> 24 | K22: Astralenergie | L22: AE | M22: (MU+IN+CH)/2 | N22: =IF(NOT(ISERROR(FIND(L22,$M$4))),_xlfn.NUMBERVALUE(MID($M$4,FIND(L22,$M$4)+LEN(L22),FIND(",",$M$4,FIND(L22,$M$4))-FIND(L22,$M$4)-LEN(L22))),0)+IF(NOT(ISERROR(FIND(L22,$M$5))),_xlfn.NUMBERVALUE(MID($M$5,FIND(L22,$M$5)+LEN(L22),FIND(",",$M$5,FIND(L22,$M$5))-FIND(L22,$M$5)-LEN(L22))),0)+IF(NOT(ISERROR(FIND(L22,$M$6))),_xlfn.NUMBERVALUE(MID($M$6,FIND(L22,$M$6)+LEN(L22),FIND(",",$M$6,FIND(L22,$M$6))-FIND(L22,$M$6)-LEN(L22))),0)+IF(NOT(ISERROR(FIND(L22,$B$33))),_xlfn.NUMBERVALUE(MID($B$33,FIND(L22,$B$33)+LEN(L22),FIND(",",$B$33,FIND(L22,$B$33))-FIND(L22,$B$33)-LEN(L22))),0)+IF(NOT(ISERROR(FIND(L22,$B$37))),_xlfn.NUMBERVALUE(MID($B$37,FIND(L22,$B$37)+LEN(L22),FIND(",",$B$37,FIND(L22,$B$37))-FIND(L22,$B$37)-LEN(L22))),0) -> 13 | O22: =IF(N22=0,"",SUM((G20+G22+G23)/2)+N22) -> 34.5 | P22: =IF(N22=0,"",ROUND(O22+2*Q41,0)) -> 49 | Q22: 0
B23: Charisma | C23: CH | D23: =IF(ISNUMBER((SEARCH(C23,$M$4))),_xlfn.NUMBERVALUE(MID($M$4,SEARCH(C23,$M$4)+2,2)),0)+IF(ISNUMBER((SEARCH(C23,$M$5))),_xlfn.NUMBERVALUE(MID($M$5,SEARCH(C23,$M$5)+2,2)),0)+IF(ISNUMBER((SEARCH(C23,$O$6))),_xlfn.NUMBERVALUE(MID($O$6,SEARCH(C23,$O$6)+2,2)),0) -> 1 | E23: 0 | F23: 15 | G23: 15 | H23: =G23+E23 -> 15 | I23: =ROUND((D23+F23)*1.5,0) -> 24 | K23: Karmaenergie | L23: KE | M23: CH | N23: =IF(NOT(ISERROR(FIND(L23,$M$4))),_xlfn.NUMBERVALUE(MID($M$4,FIND(L23,$M$4)+LEN(L23),FIND(",",$M$4,FIND(L23,$M$4))-FIND(L23,$M$4)-LEN(L23))),0)+IF(NOT(ISERROR(FIND(L23,$M$5))),_xlfn.NUMBERVALUE(MID($M$5,FIND(L23,$M$5)+LEN(L23),FIND(",",$M$5,FIND(L23,$M$5))-FIND(L23,$M$5)-LEN(L23))),0)+IF(NOT(ISERROR(FIND(L23,$M$6))),_xlfn.NUMBERVALUE(MID($M$6,FIND(L23,$M$6)+LEN(L23),FIND(",",$M$6,FIND(L23,$M$6))-FIND(L23,$M$6)-LEN(L23))),0)+IF(NOT(ISERROR(FIND(L23,$B$33))),_xlfn.NUMBERVALUE(MID($B$33,FIND(L23,$B$33)+LEN(L23),FIND(",",$B$33,FIND(L23,$B$33))-FIND(L23,$B$33)-LEN(L23))),0)+IF(NOT(ISERROR(FIND(L23,$B$37))),_xlfn.NUMBERVALUE(MID($B$37,FIND(L23,$B$37)+LEN(L23),FIND(",",$B$37,FIND(L23,$B$37))-FIND(L23,$B$37)-LEN(L23))),0) -> 0 | O23: 3 | P23: =IF(N23=0,"",ROUND((SUM(N23+O23+Q23+2*Q41)),0)) | Q23: 0
B24: Fingerfertigkeit | C24: FF | D24: =IF(ISNUMBER((SEARCH(C24,$M$4))),_xlfn.NUMBERVALUE(MID($M$4,SEARCH(C24,$M$4)+2,2)),0)+IF(ISNUMBER((SEARCH(C24,$M$5))),_xlfn.NUMBERVALUE(MID($M$5,SEARCH(C24,$M$5)+2,2)),0)+IF(ISNUMBER((SEARCH(C24,$O$6))),_xlfn.NUMBERVALUE(MID($O$6,SEARCH(C24,$O$6)+2,2)),0) -> 0 | E24: 0 | F24: 10 | G24: 10 | H24: =G24+E24 -> 10 | I24: =ROUND((D24+F24)*1.5,0) -> 15 | K24: Magieresistenz | L24: MR | M24: (MU+KL+KO)/5 | N24: =IF(NOT(ISERROR(FIND(L24,$M$4))),_xlfn.NUMBERVALUE(MID($M$4,FIND(L24,$M$4)+LEN(L24),FIND(",",$M$4,FIND(L24,$M$4))-FIND(L24,$M$4)-LEN(L24))),0)+IF(NOT(ISERROR(FIND(L24,$M$5))),_xlfn.NUMBERVALUE(MID($M$5,FIND(L24,$M$5)+LEN(L24),FIND(",",$M$5,FIND(L24,$M$5))-FIND(L24,$M$5)-LEN(L24))),0)+IF(NOT(ISERROR(FIND(L24,$M$6))),_xlfn.NUMBERVALUE(MID($M$6,FIND(L24,$M$6)+LEN(L24),FIND(",",$M$6,FIND(L24,$M$6))-FIND(L24,$M$6)-LEN(L24))),0)+IF(NOT(ISERROR(FIND(L24,$B$33))),_xlfn.NUMBERVALUE(MID($B$33,FIND(L24,$B$33)+LEN(L24),FIND(",",$B$33,FIND(L24,$B$33))-FIND(L24,$B$33)-LEN(L24))),0)+IF(NOT(ISERROR(FIND(L24,$B$37))),_xlfn.NUMBERVALUE(MID($B$37,FIND(L24,$B$37)+LEN(L24),FIND(",",$B$37,FIND(L24,$B$37))-FIND(L24,$B$37)-LEN(L24))),0) -> 3 | O24: =SUM((H20+H21+H26)/5) -> 7.4 | P24: =ROUND(SUM(N24+O24+Q24),0) -> 10 | Q24: 0 | R24: =ROUND(G20/2,0) -> 7
B25: Gewandheit | C25: GE | D25: =IF(ISNUMBER((SEARCH(C25,$M$4))),_xlfn.NUMBERVALUE(MID($M$4,SEARCH(C25,$M$4)+2,2)),0)+IF(ISNUMBER((SEARCH(C25,$M$5))),_xlfn.NUMBERVALUE(MID($M$5,SEARCH(C25,$M$5)+2,2)),0)+IF(ISNUMBER((SEARCH(C25,$O$6))),_xlfn.NUMBERVALUE(MID($O$6,SEARCH(C25,$O$6)+2,2)),0) -> 0 | E25: 0 | F25: 14 | G25: 14 | H25: =G25+E25 -> 14 | I25: =ROUND((D25+F25)*1.5,0) -> 21 | K25: INI-Basiswert | L25: INI | M25: (MU+MU+IN+GE)/5 | N25: 0 | O25: =SUM((H20+H20+H22+H25)/5) -> 11 | P25: =ROUND(SUM(N25+O25),0) -> 11
B26: Konstitution | C26: KO | D26: =IF(ISNUMBER((SEARCH(C26,$M$4))),_xlfn.NUMBERVALUE(MID($M$4,SEARCH(C26,$M$4)+2,2)),0)+IF(ISNUMBER((SEARCH(C26,$M$5))),_xlfn.NUMBERVALUE(MID($M$5,SEARCH(C26,$M$5)+2,2)),0)+IF(ISNUMBER((SEARCH(C26,$O$6))),_xlfn.NUMBERVALUE(MID($O$6,SEARCH(C26,$O$6)+2,2)),0) -> 0 | E26: 0 | F26: 12 | G26: 12 | H26: =G26+E26 -> 12 | I26: =ROUND((D26+F26)*1.5,0) -> 18 | K26: AT-Basiswert | L26: AT | M26: (MU+GE+KK)/5 | N26: =IF(NOT(ISERROR(FIND(L26,$M$4))),_xlfn.NUMBERVALUE(MID($M$4,FIND(L26,$M$4)+LEN(L26),FIND(",",$M$4,FIND(L26,$M$4))-FIND(L26,$M$4)-LEN(L26))),0)+IF(NOT(ISERROR(FIND(L26,$M$5))),_xlfn.NUMBERVALUE(MID($M$5,FIND(L26,$M$5)+LEN(L26),FIND(",",$M$5,FIND(L26,$M$5))-FIND(L26,$M$5)-LEN(L26))),0)+IF(NOT(ISERROR(FIND(L26,$M$6))),_xlfn.NUMBERVALUE(MID($M$6,FIND(L26,$M$6)+LEN(L26),FIND(",",$M$6,FIND(L26,$M$6))-FIND(L26,$M$6)-LEN(L26))),0)+IF(NOT(ISERROR(FIND(L26,$B$33))),_xlfn.NUMBERVALUE(MID($B$33,FIND(L26,$B$33)+LEN(L26),FIND(",",$B$33,FIND(L26,$B$33))-FIND(L26,$B$33)-LEN(L26))),0)+IF(NOT(ISERROR(FIND(L26,$B$37))),_xlfn.NUMBERVALUE(MID($B$37,FIND(L26,$B$37)+LEN(L26),FIND(",",$B$37,FIND(L26,$B$37))-FIND(L26,$B$37)-LEN(L26))),0) -> 0 | O26: =SUM((H20+H25+H27)/5)+N26 -> 7.8 | P26: =ROUND(SUM(N26+O26),0) -> 8
B27: Körperkraft | C27: KK | D27: =IF(ISNUMBER((SEARCH(C27,$M$4))),_xlfn.NUMBERVALUE(MID($M$4,SEARCH(C27,$M$4)+2,2)),0)+IF(ISNUMBER((SEARCH(C27,$M$5))),_xlfn.NUMBERVALUE(MID($M$5,SEARCH(C27,$M$5)+2,2)),0)+IF(ISNUMBER((SEARCH(C27,$O$6))),_xlfn.NUMBERVALUE(MID($O$6,SEARCH(C27,$O$6)+2,2)),0) -> 0 | E27: 0 | F27: 12 | G27: 12 | H27: =G27+E27 -> 12 | I27: =ROUND((D27+F27)*1.5,0) -> 18 | K27: PA-Basiswert | L27: PA | M27: (IN+GE+KK)/5 | N27: =IF(NOT(ISERROR(FIND(L27,$M$4))),_xlfn.NUMBERVALUE(MID($M$4,FIND(L27,$M$4)+LEN(L27),FIND(",",$M$4,FIND(L27,$M$4))-FIND(L27,$M$4)-LEN(L27))),0)+IF(NOT(ISERROR(FIND(L27,$M$5))),_xlfn.NUMBERVALUE(MID($M$5,FIND(L27,$M$5)+LEN(L27),FIND(",",$M$5,FIND(L27,$M$5))-FIND(L27,$M$5)-LEN(L27))),0)+IF(NOT(ISERROR(FIND(L27,$M$6))),_xlfn.NUMBERVALUE(MID($M$6,FIND(L27,$M$6)+LEN(L27),FIND(",",$M$6,FIND(L27,$M$6))-FIND(L27,$M$6)-LEN(L27))),0)+IF(NOT(ISERROR(FIND(L27,$B$33))),_xlfn.NUMBERVALUE(MID($B$33,FIND(L27,$B$33)+LEN(L27),FIND(",",$B$33,FIND(L27,$B$33))-FIND(L27,$B$33)-LEN(L27))),0)+IF(NOT(ISERROR(FIND(L27,$B$37))),_xlfn.NUMBERVALUE(MID($B$37,FIND(L27,$B$37)+LEN(L27),FIND(",",$B$37,FIND(L27,$B$37))-FIND(L27,$B$37)-LEN(L27))),0)+IF(Nahkampf!$C$5="Ja",2,0) -> 0 | O27: =SUM((H22+H25+H27)/5) -> 8.2 | P27: =ROUND(SUM(N27+O27),0) -> 8
K28: FK-Basiswert | L28: FK | M28: (IN+FF+KK)/5 | N28: =IF(NOT(ISERROR(FIND(L28,$M$4))),_xlfn.NUMBERVALUE(MID($M$4,FIND(L28,$M$4)+LEN(L28),FIND(",",$M$4,FIND(L28,$M$4))-FIND(L28,$M$4)-LEN(L28))),0)+IF(NOT(ISERROR(FIND(L28,$M$5))),_xlfn.NUMBERVALUE(MID($M$5,FIND(L28,$M$5)+LEN(L28),FIND(",",$M$5,FIND(L28,$M$5))-FIND(L28,$M$5)-LEN(L28))),0)+IF(NOT(ISERROR(FIND(L28,$M$6))),_xlfn.NUMBERVALUE(MID($M$6,FIND(L28,$M$6)+LEN(L28),FIND(",",$M$6,FIND(L28,$M$6))-FIND(L28,$M$6)-LEN(L28))),0)+IF(NOT(ISERROR(FIND(L28,$B$33))),_xlfn.NUMBERVALUE(MID($B$33,FIND(L28,$B$33)+LEN(L28),FIND(",",$B$33,FIND(L28,$B$33))-FIND(L28,$B$33)-LEN(L28))),0)+IF(NOT(ISERROR(FIND(L28,$B$37))),_xlfn.NUMBERVALUE(MID($B$37,FIND(L28,$B$37)+LEN(L28),FIND(",",$B$37,FIND(L28,$B$37))-FIND(L28,$B$37)-LEN(L28))),0) -> 0 | O28: =SUM((H22+H24+H27)/5) -> 7.4 | P28: =ROUND(SUM(N28+O28),0) -> 7
K29: Geschwindigkeit | L29: GES | M29: (GE<11:-1 | GE>15:+1) | N29: =IF(NOT(ISERROR(FIND(L29,$M$4))),_xlfn.NUMBERVALUE(MID($M$4,FIND(L29,$M$4)+LEN(L29),FIND(",",$M$4,FIND(L29,$M$4))-FIND(L29,$M$4)-LEN(L29))),0)+IF(NOT(ISERROR(FIND(L29,$M$5))),_xlfn.NUMBERVALUE(MID($M$5,FIND(L29,$M$5)+LEN(L29),FIND(",",$M$5,FIND(L29,$M$5))-FIND(L29,$M$5)-LEN(L29))),0)+IF(NOT(ISERROR(FIND(L29,$M$6))),_xlfn.NUMBERVALUE(MID($M$6,FIND(L29,$M$6)+LEN(L29),FIND(",",$M$6,FIND(L29,$M$6))-FIND(L29,$M$6)-LEN(L29))),0)+IF(NOT(ISERROR(FIND(L29,$B$33))),_xlfn.NUMBERVALUE(MID($B$33,FIND(L29,$B$33)+LEN(L29),FIND(",",$B$33,FIND(L29,$B$33))-FIND(L29,$B$33)-LEN(L29))),0)+IF(NOT(ISERROR(FIND(L29,$B$37))),_xlfn.NUMBERVALUE(MID($B$37,FIND(L29,$B$37)+LEN(L29),FIND(",",$B$37,FIND(L29,$B$37))-FIND(L29,$B$37)-LEN(L29))),0)+IF(Nahkampf!$C$5="Ja",Eigenschaften!O29-Nahkampf!AR16,0) -> 0 | O29: =IF($G$25<11,7,IF($G$25>15,9,8))+IF(Nahkampf!AJ36=TRUE,1,0)+IF(Nahkampf!AJ37=TRUE,-1,0) -> 8 | P29: =ROUND(O29+N29-Nahkampf!AR16,0) -> 7
K30: Limbus | M30: (MU/IN/GE)/5 | O30: =(H20+H22+H25)/5 -> 8.4 | P30: =ROUND(O30,0) -> 8
B31: Vorteile
B33: Altersresistenz, Eigeboren, Gutaussehend, Machvoller Vertrauter, Verhüllte Aura, Vollzauberer, Begabung Alchemie,
B35: Nachteile
B37: Arroganz 6, Brünstigkeit 8, Eitelkeit 7, Feste Gewohnheit (Erdgebundenheit), Gesucht 1 (Praois Kirche auf Maraskan), Kälteempfindlich, Medium, Neugier 8, Rachsucht 9, Randgruppe, Voruteile Praios-Geweihte 8,
B39: Abentuerpunkte & Stufe
B41: Gesamt: | D41: 2573 | G41: Eingesetzte AP: | K41: 2571 | M41: Guthaben: | N41: =D41-K41 -> 2 | P41: Stufe: | Q41: =ROUNDDOWN((SQRT(K41/50+0.25)+0.5),0) -> 7
B42: Dazugewonnene AP: | D42: 0 | G42: Ausgegebene AP: | K42: 0
B43: Errechnete neue AP: | D43: =D41+D42 -> 2573 | G43: Errechnete ausgegebene AP: | K43: =K41+K42 -> 2571
C45: Maximum | D45: 1/2 | E45: 1/3 | F45: 1/4 | G45: Aktuell | J45: Maximum | K45: Aktuell
B46: Lebensenergie | C46: =Eigenschaften!P20 -> 37 | D46: =ROUND(C46/2,0) -> 19 | E46: =ROUND(C46/3,0) -> 12 | F46: =ROUND(C46/4,0) -> 9 | H46: Astralenergie | J46: =Eigenschaften!P22 -> 49 | K46: 40
B47: Ausdauer | C47: =Eigenschaften!P21 -> 34 | D47: =ROUND(C47/2,0) -> 17 | E47: =ROUND(C47/3,0) -> 11 | F47: =ROUND(C47/4,0) -> 9 | H47: Karmalenergie | J47: - | K47: - | O47: =Eigenschaften!P23

Sheet Talente
A1: Name | B1: Typ | C1: EiGewandheitnsCharismaaft 1 | D1: EiGewandheitnsCharismaaft 2 | E1: EiGewandheitnsCharismaaft 3 | F1: Komplexität | G1: BE
A2: Empathie | B2: Gabe | C2: Mut | D2: Intuition | E2: Intuition
A3: Gefahreninstinkt | B3: Gabe | C3: Klugheit | D3: Intuition | E3: Intuition
A4: Geräuschhexerei | B4: Gabe | C4: Intuition | D4: Charisma | E4: Konstitution
A5: Kräfteschub | B5: Gabe | C5: Mut | D5: Intuition | E5: Konstitution
A6: Talentschub | B6: Gabe | C6: Mut | D6: Intuition | E6: Konstitution
A7: Magiegespür | B7: Gabe | C7: Mut | D7: Intuition | E7: Intuition
A8: Prophezeien | B8: Gabe | C8: Intuition | D8: Intuition | E8: Charisma
A9: Tierempathie | B9: Gabe | C9: Mut | D9: Intuition | E9: Charisma
A10: Zwergennase | B10: Gabe | C10: Intuition | D10: Intuition | E10: Fingerfertigkeit
A11: Athletik | B11: Körperliche Talente | C11: Gewandheit | D11: Konstitution | E11: Körperkraft | F11: C | G11: x2
A12: Klettern | B12: Körperliche Talente | C12: Mut | D12: Gewandheit | E12: Körperkraft | F12: D | G12: x2
A13: Körperbeherrschung | B13: Körperliche Talente | C13: Mut | D13: Intuition | E13: Gewandheit | F13: D | G13: x2
A14: Schleichen | B14: Körperliche Talente | C14: Mut | D14: Intuition | E14: Gewandheit | F14: C | G14: x1
A15: Schwimmen | B15: Körperliche Talente | C15: Gewandheit | D15: Konstitution | E15: Körperkraft | F15: D | G15: x2
A16: Selbstbeherrschung | B16: Körperliche Talente | C16: Mut | D16: Konstitution | E16: Körperkraft | F16: D | G16: -
A17: Sich Verstecken | B17: Körperliche Talente | C17: Mut | D17: Intuition | E17: Gewandheit | F17: C | G17: -2
A18: Singen | B18: Körperliche Talente | C18: Intuition | D18: Charisma | E18: Charisma | F18: C | G18: -3
A19: Sinnesschärfe | B19: Körperliche Talente | C19: Klugheit | D19: Intuition | E19: Intuition | F19: D | G19: spez.
A20: Tanzen | B20: Körperliche Talente | C20: Charisma | D20: Gewandheit | E20: Gewandheit | F20: B | G20: x2
A21: Zechen | B21: Körperliche Talente | C21: Intuition | D21: Konstitution | E21: Körperkraft | F21: B | G21: -
A22: Akrobatik | B22: Körperliche Talente | C22: Mut | D22: Gewandheit | E22: Körperkraft | F22: A | G22: x2
A23: Fliegen | B23: Körperliche Talente | C23: Mut | D23: Intuition | E23: Gewandheit | F23: D | G23: x1
A24: Gaukeleien | B24: Körperliche Talente | C24: Mut | D24: Charisma | E24: Fingerfertigkeit | F24: C | G24: x2
A25: Reiten | B25: Körperliche Talente | C25: Charisma | D25: Gewandheit | E25: Körperkraft | F25: D | G25: -2
A26: Skifahren | B26: Körperliche Talente | C26: Gewandheit | D26: Gewandheit | E26: Konstitution | F26: B | G26: -2
A27: Stimmen Imitieren | B27: Körperliche Talente | C27: Klugheit | D27: Intuition | E27: Charisma | F27: C | G27: -4
A28: Taschendiebstahl | B28: Körperliche Talente | C28: Mut | D28: Intuition | E28: Fingerfertigkeit | F28: C | G28: x2
A29: Götter / Kulte | B29: Wissenstalente | C29: Klugheit | D29: Klugheit | E29: Intuition | F29: B | G29: -
A30: Rechnen | B30: Wissenstalente | C30: Klugheit | D30: Klugheit | E30: Intuition | F30: B | G30: -
A31: Sagen / Legenden | B31: Wissenstalente | C31: Klugheit | D31: Intuition | E31: Charisma | F31: B | G31: -
A32: Anatomie | B32: Wissenstalente | C32: Mut | D32: Klugheit | E32: Fingerfertigkeit | F32: B | G32: -
A33: Baukunst | B33: Wissenstalente | C33: Klugheit | D33: Klugheit | E33: Fingerfertigkeit | F33: B | G33: -
A34: Brett-/Kartenspiel | B34: Wissenstalente | C34: Klugheit | D34: Klugheit | E34: Intuition | F34: B | G34: -
A35: Geographie | B35: Wissenstalente | C35: Klugheit | D35: Klugheit | E35: Intuition | F35: B | G35: -
A36: Geschichtswissen | B36: Wissenstalente | C36: Klugheit | D36: Klugheit | E36: Intuition | F36: B | G36: -
A37: Gesteinskunde | B37: Wissenstalente | C37: Klugheit | D37: Intuition | E37: Fingerfertigkeit | F37: B | G37: -
A38: Heraldik | B38: Wissenstalente | C38: Klugheit | D38: Klugheit | E38: Fingerfertigkeit | F38: B | G38: -
A39: Hüttenkunde | B39: Wissenstalente | C39: Klugheit | D39: Intuition | E39: Konstitution | F39: B | G39: -
... A115: Zimmermann | B115: Handwerkliche Talente | C115: Klugheit | D115: Fingerfertigkeit | E115: Körperkraft | F115: B | G115: -

Sheet Fertigkeiten & Talente
B1: Talente, Gaben und Sonderfertigkeiten
C2: BE (aus Kampfblatt): | D2: =Nahkampf!AR16 -> 1 | E2: BE (manuell): | F2: =IF(ISNUMBER(L2),L2,"") | G2: BE (Berechnung): | H2: =IF(ISNUMBER(F2),F2,D2) -> 1 | I2: BE (Überschreiben):
B3: Talent | C3: Eigenschaft 1 | D3: Eigenschaft 1 | E3: Eigenschaft 2 | F3: Eigenschaft 2 | G3: Eigenschaft 3 | H3: Eigenschaft 3 | I3: Eigenschaften | J3: Kompl. | K3: BE | L3: eBE | M3: TaW | N3: max. TaW | O3: Mod | P3: TaW | Q3: SE | R3: Spezialisierung | S3: Sonderfertigkeiten | U3: Sonderferigkeiten (außer Kampf)
B4: Akrobatik | C4: =_xlfn.XLOOKUP(B4,Talente!A:A,Talente!C:C) -> Mut | D4: =_xlfn.XLOOKUP(C4,Eigenschaften!$B$20:$B$27,Eigenschaften!$H$20:$H$27,"NaN",1) -> 13 | E4: =_xlfn.XLOOKUP(B4,Talente!A:A,Talente!D:D) -> Gewandheit | F4: =_xlfn.XLOOKUP(E4,Eigenschaften!$B$20:$B$27,Eigenschaften!$H$20:$H$27,"NaN",1) -> 14 | G4: =_xlfn.XLOOKUP(B4,Talente!A:A,Talente!E:E) -> Körperkraft | H4: =_xlfn.XLOOKUP(G4,Eigenschaften!$B$20:$B$27,Eigenschaften!$H$20:$H$27,"NaN",1) -> 12 | I4: =C4&": "&D4&" | "&E4&": "&F4&" | "&G4&": "&H4 -> Mut: 13 | Gewandheit: 14 | Körperkraft: 12 | J4: =_xlfn.XLOOKUP(B4,Talente!A:A,Talente!F:F) -> A | K4: =_xlfn.XLOOKUP(B4,Talente!A:A,Talente!G:G) -> x2 | L4: =IF(NOT(ISERROR(FIND("x",K4))),RIGHT(K4,1)*$H$2,IF(K4<0,IF(($H$2+K4)>0,$H$2+K4,0),IF(K4="-",0,0))) -> 2 | N4: =MAX(D4:H4)+3 -> 17 | O4: 0 | P4: =IF(M4="-","-",M4-L4+O4) -> -2 | U4: Kulturkunde Maraskan, Aura verhüllen
B5: Athletik | C5: =_xlfn.XLOOKUP(B5,Talente!A:A,Talente!C:C) -> Gewandheit | D5: =_xlfn.XLOOKUP(C5,Eigenschaften!$B$20:$B$27,Eigenschaften!$H$20:$H$27,"NaN",1) -> 14 | E5: =_xlfn.XLOOKUP(B5,Talente!A:A,Talente!D:D) -> Konstitution | F5: =_xlfn.XLOOKUP(E5,Eigenschaften!$B$20:$B$27,Eigenschaften!$H$20:$H$27,"NaN",1) -> 12 | G5: =_xlfn.XLOOKUP(B5,Talente!A:A,Talente!E:E) -> Körperkraft | H5: =_xlfn.XLOOKUP(G5,Eigenschaften!$B$20:$B$27,Eigenschaften!$H$20:$H$27,"NaN",1) -> 12 | I5: =C5&": "&D5&" | "&E5&": "&F5&" | "&G5&": "&H5 -> Gewandheit: 14 | Konstitution: 12 | Körperkraft: 12 | J5: =_xlfn.XLOOKUP(B5,Talente!A:A,Talente!F:F) -> C | K5: =_xlfn.XLOOKUP(B5,Talente!A:A,Talente!G:G) -> x2 | L5: =IF(NOT(ISERROR(FIND("x",K5))),RIGHT(K5,1)*$H$2,IF(K5<0,IF(($H$2+K5)>0,$H$2+K5,0),IF(K5="-",0,0))) -> 2 | M5: 1 | N5: =MAX(D5:H5)+3 -> 17 | O5: 0 | P5: =IF(M5="-","-",M5-L5+O5) -> -1
B6: Fliegen | C6: =_xlfn.XLOOKUP(B6,Talente!A:A,Talente!C:C) -> Mut | D6: =_xlfn.XLOOKUP(C6,Eigenschaften!$B$20:$B$27,Eigenschaften!$H$20:$H$27,"NaN",1) -> 13 | E6: =_xlfn.XLOOKUP(B6,Talente!A:A,Talente!D:D) -> Intuition | F6: =_xlfn.XLOOKUP(E6,Eigenschaften!$B$20:$B$27,Eigenschaften!$H$20:$H$27,"NaN",1) -> 15 | G6: =_xlfn.XLOOKUP(B6,Talente!A:A,Talente!E:E) -> Gewandheit | H6: =_xlfn.XLOOKUP(G6,Eigenschaften!$B$20:$B$27,Eigenschaften!$H$20:$H$27,"NaN",1) -> 14 | I6: =C6&": "&D6&" | "&E6&": "&F6&" | "&G6&": "&H6 -> Mut: 13 | Intuition: 15 | Gewandheit: 14 | J6: =_xlfn.XLOOKUP(B6,Talente!A:A,Talente!F:F) -> D | K6: =_xlfn.XLOOKUP(B6,Talente!A:A,Talente!G:G) -> x1 | L6: =IF(NOT(ISERROR(FIND("x",K6))),RIGHT(K6,1)*$H$2,IF(K6<0,IF(($H$2+K6)>0,$H$2+K6,0),IF(K6="-",0,0))) -> 1 | M6: 7 | N6: =MAX(D6:H6)+3 -> 18 | O6: 0 | P6: =IF(M6="-","-",M6-L6+O6) -> 6
B7: Gaukeleien | C7: =_xlfn.XLOOKUP(B7,Talente!A:A,Talente!C:C) -> Mut | D7: =_xlfn.XLOOKUP(C7,Eigenschaften!$B$20:$B$27,Eigenschaften!$H$20:$H$27,"NaN",1) -> 13 | E7: =_xlfn.XLOOKUP(B7,Talente!A:A,Talente!D:D) -> Charisma | F7: =_xlfn.XLOOKUP(E7,Eigenschaften!$B$20:$B$27,Eigenschaften!$H$20:$H$27,"NaN",1) -> 15 | G7: =_xlfn.XLOOKUP(B7,Talente!A:A,Talente!E:E) -> Fingerfertigkeit | H7: =_xlfn.XLOOKUP(G7,Eigenschaften!$B$20:$B$27,Eigenschaften!$H$20:$H$27,"NaN",1) -> 10 | I7: =C7&": "&D7&" | "&E7&": "&F7&" | "&G7&": "&H7 -> Mut: 13 | Charisma: 15 | Fingerfertigkeit: 10 | J7: =_xlfn.XLOOKUP(B7,Talente!A:A,Talente!F:F) -> C | K7: =_xlfn.XLOOKUP(B7,Talente!A:A,Talente!G:G) -> x2 | L7: =IF(NOT(ISERROR(FIND("x",K7))),RIGHT(K7,1)*$H$2,IF(K7<0,IF(($H$2+K7)>0,$H$2+K7,0),IF(K7="-",0,0))) -> 2 | N7: =MAX(D7:H7)+3 -> 18 | O7: 0 | P7: =IF(M7="-","-",M7-L7+O7) -> -2
B8: Klettern | C8: =_xlfn.XLOOKUP(B8,Talente!A:A,Talente!C:C) -> Mut | D8: =_xlfn.XLOOKUP(C8,Eigenschaften!$B$20:$B$27,Eigenschaften!$H$20:$H$27,"NaN",1) -> 13 | E8: =_xlfn.XLOOKUP(B8,Talente!A:A,Talente!D:D) -> Gewandheit | F8: =_xlfn.XLOOKUP(E8,Eigenschaften!$B$20:$B$27,Eigenschaften!$H$20:$H$27,"NaN",1) -> 14 | G8: =_xlfn.XLOOKUP(B8,Talente!A:A,Talente!E:E) -> Körperkraft | H8: =_xlfn.XLOOKUP(G8,Eigenschaften!$B$20:$B$27,Eigenschaften!$H$20:$H$27,"NaN",1) -> 12 | I8: =C8&": "&D8&" | "&E8&": "&F8&" | "&G8&": "&H8 -> Mut: 13 | Gewandheit: 14 | Körperkraft: 12 | J8: =_xlfn.XLOOKUP(B8,Talente!A:A,Talente!F:F) -> D | K8: =_xlfn.XLOOKUP(B8,Talente!A:A,Talente!G:G) -> x2 | L8: =IF(NOT(ISERROR(FIND("x",K8))),RIGHT(K8,1)*$H$2,IF(K8<0,IF(($H$2+K8)>0,$H$2+K8,0),IF(K8="-",0,0))) -> 2 | M8: 3 | N8: =MAX(D8:H8)+3 -> 17 | O8: 0 | P8: =IF(M8="-","-",M8-L8+O8) -> 1
B9: Körperbeherrschung | C9: =_xlfn.XLOOKUP(B9,Talente!A:A,Talente!C:C) -> Mut | D9: =_xlfn.XLOOKUP(C9,Eigenschaften!$B$20:$B$27,Eigenschaften!$H$20:$H$27,"NaN",1) -> 13 | E9: =_xlfn.XLOOKUP(B9,Talente!A:A,Talente!D:D) -> Intuition | F9: =_xlfn.XLOOKUP(E9,Eigenschaften!$B$20:$B$27,Eigenschaften!$H$20:$H$27,"NaN",1) -> 15 | G9: =_xlfn.XLOOKUP(B9,Talente!A:A,Talente!E:E) -> Gewandheit | H9: =_xlfn.XLOOKUP(G9,Eigenschaften!$B$20:$B$27,Eigenschaften!$H$20:$H$27,"NaN",1) -> 14 | I9: =C9&": "&D9&" | "&E9&": "&F9&" | "&G9&": "&H9 -> Mut: 13 | Intuition: 15 | Gewandheit: 14 | J9: =_xlfn.XLOOKUP(B9,Talente!A:A,Talente!F:F) -> D | K9: =_xlfn.XLOOKUP(B9,Talente!A:A,Talente!G:G) -> x2 | L9: =IF(NOT(ISERROR(FIND("x",K9))),RIGHT(K9,1)*$H$2,IF(K9<0,IF(($H$2+K9)>0,$H$2+K9,0),IF(K9="-",0,0))) -> 2 | M9: 4 | N9: =MAX(D9:H9)+3 -> 18 | O9: 0 | P9: =IF(M9="-","-",M9-L9+O9) -> 2
B10: Reiten | C10: =_xlfn.XLOOKUP(B10,Talente!A:A,Talente!C:C) -> Charisma | D10: =_xlfn.XLOOKUP(C10,Eigenschaften!$B$20:$B$27,Eigenschaften!$H$20:$H$27,"NaN",1) -> 15 | E10: =_xlfn.XLOOKUP(B10,Talente!A:A,Talente!D:D) -> Gewandheit | F10: =_xlfn.XLOOKUP(E10,Eigenschaften!$B$20:$B$27,Eigenschaften!$H$20:$H$27,"NaN",1) -> 14 | G10: =_xlfn.XLOOKUP(B10,Talente!A:A,Talente!E:E) -> Körperkraft | H10: =_xlfn.XLOOKUP(G10,Eigenschaften!$B$20:$B$27,Eigenschaften!$H$20:$H$27,"NaN",1) -> 12 | I10: =C10&": "&D10&" | "&E10&": "&F10&" | "&G10&": "&H10 -> Charisma: 15 | Gewandheit: 14 | Körperkraft: 12 | J10: =_xlfn.XLOOKUP(B10,Talente!A:A,Talente!F:F) -> D | K10: =_xlfn.XLOOKUP(B10,Talente!A:A,Talente!G:G) -> -2 | L10: =IF(NOT(ISERROR(FIND("x",K10))),RIGHT(K10,1)*$H$2,IF(K10<0,IF(($H$2+K10)>0,$H$2+K10,0),IF(K10="-",0,0))) -> 0 | N10: =MAX(D10:H10)+3 -> 18 | O10: 0 | P10: =IF(M10="-","-",M10-L10+O10) -> 0
B11: Schleichen | C11: =_xlfn.XLOOKUP(B11,Talente!A:A,Talente!C:C) -> Mut | D11: =_xlfn.XLOOKUP(C11,Eigenschaften!$B$20:$B$27,Eigenschaften!$H$20:$H$27,"NaN",1) -> 13 | E11: =_xlfn.XLOOKUP(B11,Talente!A:A,Talente!D:D) -> Intuition | F11: =_xlfn.XLOOKUP(E11,Eigenschaften!$B$20:$B$27,Eigenschaften!$H$20:$H$27,"NaN",1) -> 15 | G11: =_xlfn.XLOOKUP(B11,Talente!A:A,Talente!E:E) -> Gewandheit | H11: =_xlfn.XLOOKUP(G11,Eigenschaften!$B$20:$B$27,Eigenschaften!$H$20:$H$27,"NaN",1) -> 14 | I11: =C11&": "&D11&" | "&E11&": "&F11&" | "&G11&": "&H11 -> Mut: 13 | Intuition: 15 | Gewandheit: 14 | J11: =_xlfn.XLOOKUP(B11,Talente!A:A,Talente!F:F) -> C | K11: =_xlfn.XLOOKUP(B11,Talente!A:A,Talente!G:G) -> x1 | L11: =IF(NOT(ISERROR(FIND("x",K11))),RIGHT(K11,1)*$H$2,IF(K11<0,IF(($H$2+K11)>0,$H$2+K11,0),IF(K11="-",0,0))) -> 1 | M11: 7 | N11: =MAX(D11:H11)+3 -> 18 | O11: 0 | P11: =IF(M11="-","-",M11-L11+O11) -> 6
B12: Schwimmen | C12: =_xlfn.XLOOKUP(B12,Talente!A:A,Talente!C:C) -> Gewandheit | D12: =_xlfn.XLOOKUP(C12,Eigenschaften!$B$20:$B$27,Eigenschaften!$H$20:$H$27,"NaN",1) -> 14 | E12: =_xlfn.XLOOKUP(B12,Talente!A:A,Talente!D:D) -> Konstitution | F12: =_xlfn.XLOOKUP(E12,Eigenschaften!$B$20:$B$27,Eigenschaften!$H$20:$H$27,"NaN",1) -> 12 | G12: =_xlfn.XLOOKUP(B12,Talente!A:A,Talente!E:E) -> Körperkraft | H12: =_xlfn.XLOOKUP(G12,Eigenschaften!$B$20:$B$27,Eigenschaften!$H$20:$H$27,"NaN",1) -> 12 | I12: =C12&": "&D12&" | "&E12&": "&F12&" | "&G12&": "&H12 -> Gewandheit: 14 | Konstitution: 12 | Körperkraft: 12 | J12: =_xlfn.XLOOKUP(B12,Talente!A:A,Talente!F:F) -> D | K12: =_xlfn.XLOOKUP(B12,Talente!A:A,Talente!G:G) -> x2 | L12: =IF(NOT(ISERROR(FIND("x",K12))),RIGHT(K12,1)*$H$2,IF(K12<0,IF(($H$2+K12)>0,$H$2+K12,0),IF(K12="-",0,0))) -> 2 | M12: 1 | N12: =MAX(D12:H12)+3 -> 17 | O12: 0 | P12: =IF(M12="-","-",M12-L12+O12) -> -1 | U12: Spezielle Erfahrung
B13: Selbstbeherrschung | C13: =_xlfn.XLOOKUP(B13,Talente!A:A,Talente!C:C) -> Mut | D13: =_xlfn.XLOOKUP(C13,Eigenschaften!$B$20:$B$27,Eigenschaften!$H$20:$H$27,"NaN",1) -> 13 | E13: =_xlfn.XLOOKUP(B13,Talente!A:A,Talente!D:D) -> Konstitution | F13: =_xlfn.XLOOKUP(E13,Eigenschaften!$B$20:$B$27,Eigenschaften!$H$20:$H$27,"NaN",1) -> 12 | G13: =_xlfn.XLOOKUP(B13,Talente!A:A,Talente!E:E) -> Körperkraft | H13: =_xlfn.XLOOKUP(G13,Eigenschaften!$B$20:$B$27,Eigenschaften!$H$20:$H$27,"NaN",1) -> 12 | I13: =C13&": "&D13&" | "&E13&": "&F13&" | "&G13&": "&H13 -> Mut: 13 | Konstitution: 12 | Körperkraft: 12 | J13: =_xlfn.XLOOKUP(B13,Talente!A:A,Talente!F:F) -> D | K13: =_xlfn.XLOOKUP(B13,Talente!A:A,Talente!G:G) -> - | L13: =IF(NOT(ISERROR(FIND("x",K13))),RIGHT(K13,1)*$H$2,IF(K13<0,IF(($H$2+K13)>0,$H$2+K13,0),IF(K13="-",0,0))) -> 0 | M13: 4 | N13: =MAX(D13:H13)+3 -> 16 | O13: 0 | P13: =IF(M13="-","-",M13-L13+O13) -> 4
B14: Sich Verstecken | C14: =_xlfn.XLOOKUP(B14,Talente!A:A,Talente!C:C) -> Mut | D14: =_xlfn.XLOOKUP(C14,Eigenschaften!$B$20:$B$27,Eigenschaften!$H$20:$H$27,"NaN",1) -> 13 | E14: =_xlfn.XLOOKUP(B14,Talente!A:A,Talente!D:D) -> Intuition | F14: =_xlfn.XLOOKUP(E14,Eigenschaften!$B$20:$B$27,Eigenschaften!$H$20:$H$27,"NaN",1) -> 15 | G14: =_xlfn.XLOOKUP(B14,Talente!A:A,Talente!E:E) -> Gewandheit | H14: =_xlfn.XLOOKUP(G14,Eigenschaften!$B$20:$B$27,Eigenschaften!$H$20:$H$27,"NaN",1) -> 14 | I14: =C14&": "&D14&" | "&E14&": "&F14&" | "&G14&": "&H14 -> Mut: 13 | Intuition: 15 | Gewandheit: 14 | J14: =_xlfn.XLOOKUP(B14,Talente!A:A,Talente!F:F) -> C | K14: =_xlfn.XLOOKUP(B14,Talente!A:A,Talente!G:G) -> -2 | L14: =IF(NOT(ISERROR(FIND("x",K14))),RIGHT(K14,1)*$H$2,IF(K14<0,IF(($H$2+K14)>0,$H$2+K14,0),IF(K14="-",0,0))) -> 0 | M14: 7 | N14: =MAX(D14:H14)+3 -> 18 | O14: 0 | P14: =IF(M14="-","-",M14-L14+O14) -> 7
B15: Singen | C15: =_xlfn.XLOOKUP(B15,Talente!A:A,Talente!C:C) -> Intuition | D15: =_xlfn.XLOOKUP(C15,Eigenschaften!$B$20:$B$27,Eigenschaften!$H$20:$H$27,"NaN",1) -> 15 | E15: =_xlfn.XLOOKUP(B15,Talente!A:A,Talente!D:D) -> Charisma | F15: =_xlfn.XLOOKUP(E15,Eigenschaften!$B$20:$B$27,Eigenschaften!$H$20:$H$27,"NaN",1) -> 15 | G15: =_xlfn.XLOOKUP(B15,Talente!A:A,Talente!E:E) -> Charisma | H15: =_xlfn.XLOOKUP(G15,Eigenschaften!$B$20:$B$27,Eigenschaften!$H$20:$H$27,"NaN",1) -> 15 | I15: =C15&": "&D15&" | "&E15&": "&F15&" | "&G15&": "&H15 -> Intuition: 15 | Charisma: 15 | Charisma: 15 | J15: =_xlfn.XLOOKUP(B15,Talente!A:A,Talente!F:F) -> C | K15: =_xlfn.XLOOKUP(B15,Talente!A:A,Talente!G:G) -> -3 | L15: =IF(NOT(ISERROR(FIND("x",K15))),RIGHT(K15,1)*$H$2,IF(K15<0,IF(($H$2+K15)>0,$H$2+K15,0),IF(K15="-",0,0))) -> 0 | N15: =MAX(D15:H15)+3 -> 18 | O15: 0 | P15: =IF(M15="-","-",M15-L15+O15) -> 0
B16: Sinnesschärfe | C16: =_xlfn.XLOOKUP(B16,Talente!A:A,Talente!C:C) -> Klugheit | D16: =_xlfn.XLOOKUP(C16,Eigenschaften!$B$20:$B$27,Eigenschaften!$H$20:$H$27,"NaN",1) -> 12 | E16: =_xlfn.XLOOKUP(B16,Talente!A:A,Talente!D:D) -> Intuition | F16: =_xlfn.XLOOKUP(E16,Eigenschaften!$B$20:$B$27,Eigenschaften!$H$20:$H$27,"NaN",1) -> 15 | G16: =_xlfn.XLOOKUP(B16,Talente!A:A,Talente!E:E) -> Intuition | H16: =_xlfn.XLOOKUP(G16,Eigenschaften!$B$20:$B$27,Eigenschaften!$H$20:$H$27,"NaN",1) -> 15 | I16: =C16&": "&D16&" | "&E16&": "&F16&" | "&G16&": "&H16 -> Klugheit: 12 | Intuition: 15 | Intuition: 15 | J16: =_xlfn.XLOOKUP(B16,Talente!A:A,Talente!F:F) -> D | K16: =_xlfn.XLOOKUP(B16,Talente!A:A,Talente!G:G) -> spez. | L16: =IF(NOT(ISERROR(FIND("x",K16))),RIGHT(K16,1)*$H$2,IF(K16<0,IF(($H$2+K16)>0,$H$2+K16,0),IF(K16="-",0,0))) -> 0 | M16: 8 | N16: =MAX(D16:H16)+3 -> 18 | O16: 0 | P16: =IF(M16="-","-",M16-L16+O16) -> 8
B17: Skifahren | C17: =_xlfn.XLOOKUP(B17,Talente!A:A,Talente!C:C) -> Gewandheit | D17: =_xlfn.XLOOKUP(C17,Eigenschaften!$B$20:$B$27,Eigenschaften!$H$20:$H$27,"NaN",1) -> 14 | E17: =_xlfn.XLOOKUP(B17,Talente!A:A,Talente!D:D) -> Gewandheit | F17: =_xlfn.XLOOKUP(E17,Eigenschaften!$B$20:$B$27,Eigenschaften!$H$20:$H$27,"NaN",1) -> 14 | G17: =_xlfn.XLOOKUP(B17,Talente!A:A,Talente!E:E) -> Konstitution | H17: =_xlfn.XLOOKUP(G17,Eigenschaften!$B$20:$B$27,Eigenschaften!$H$20:$H$27,"NaN",1) -> 12 | I17: =C17&": "&D17&" | "&E17&": "&F17&" | "&G17&": "&H17 -> Gewandheit: 14 | Gewandheit: 14 | Konstitution: 12 | J17: =_xlfn.XLOOKUP(B17,Talente!A:A,Talente!F:F) -> B | K17: =_xlfn.XLOOKUP(B17,Talente!A:A,Talente!G:G) -> -2 | L17: =IF(NOT(ISERROR(FIND("x",K17))),RIGHT(K17,1)*$H$2,IF(K17<0,IF(($H$2+K17)>0,$H$2+K17,0),IF(K17="-",0,0))) -> 0 | N17: =MAX(D17:H17)+3 -> 17 | O17: 0 | P17: =IF(M17="-","-",M17-L17+O17) -> 0
B18: Stimmen Imitieren | C18: =_xlfn.XLOOKUP(B18,Talente!A:A,Talente!C:C) -> Klugheit | D18: =_xlfn.XLOOKUP(C18,Eigenschaften!$B$20:$B$27,Eigenschaften!$H$20:$H$27,"NaN",1) -> 12 | E18: =_xlfn.XLOOKUP(B18,Talente!A:A,Talente!D:D) -> Intuition | F18: =_xlfn.XLOOKUP(E18,Eigenschaften!$B$20:$B$27,Eigenschaften!$H$20:$H$27,"NaN",1) -> 15 | G18: =_xlfn.XLOOKUP(B18,Talente!A:A,Talente!E:E) -> Charisma | H18: =_xlfn.XLOOKUP(G18,Eigenschaften!$B$20:$B$27,Eigenschaften!$H$20:$H$27,"NaN",1) -> 15 | I18: =C18&": "&D18&" | "&E18&": "&F18&" | "&G18&": "&H18 -> Klugheit: 12 | Intuition: 15 | Charisma: 15 | J18: =_xlfn.XLOOKUP(B18,Talente!A:A,Talente!F:F) -> C | K18: =_xlfn.XLOOKUP(B18,Talente!A:A,Talente!G:G) -> -4 | L18: =IF(NOT(ISERROR(FIND("x",K18))),RIGHT(K18,1)*$H$2,IF(K18<0,IF(($H$2+K18)>0,$H$2+K18,0),IF(K18="-",0,0))) -> 0 | N18: =MAX(D18:H18)+3 -> 18 | O18: 0 | P18: =IF(M18="-","-",M18-L18+O18) -> 0
B19: Tanzen | C19: =_xlfn.XLOOKUP(B19,Talente!A:A,Talente!C:C) -> Charisma | D19: =_xlfn.XLOOKUP(C19,Eigenschaften!$B$20:$B$27,Eigenschaften!$H$20:$H$27,"NaN",1) -> 15 | E19: =_xlfn.XLOOKUP(B19,Talente!A:A,Talente!D:D) -> Gewandheit | F19: =_xlfn.XLOOKUP(E19,Eigenschaften!$B$20:$B$27,Eigenschaften!$H$20:$H$27,"NaN",1) -> 14 | G19: =_xlfn.XLOOKUP(B19,Talente!A:A,Talente!E:E) -> Gewandheit | H19: =_xlfn.XLOOKUP(G19,Eigenschaften!$B$20:$B$27,Eigenschaften!$H$20:$H$27,"NaN",1) -> 14 | I19: =C19&": "&D19&" | "&E19&": "&F19&" | "&G19&": "&H19 -> Charisma: 15 | Gewandheit: 14 | Gewandheit: 14 | J19: =_xlfn.XLOOKUP(B19,Talente!A:A,Talente!F:F) -> B | K19: =_xlfn.XLOOKUP(B19,Talente!A:A,Talente!G:G) -> x2 | L19: =IF(NOT(ISERROR(FIND("x",K19))),RIGHT(K19,1)*$H$2,IF(K19<0,IF(($H$2+K19)>0,$H$2+K19,0),IF(K19="-",0,0))) -> 2 | M19: 6 | N19: =MAX(D19:H19)+3 -> 18 | O19: 0 | P19: =IF(M19="-","-",M19-L19+O19) -> 4
B20: Taschendiebstahl | C20: =_xlfn.XLOOKUP(B20,Talente!A:A,Talente!C:C) -> Mut | D20: =_xlfn.XLOOKUP(C20,Eigenschaften!$B$20:$B$27,Eigenschaften!$H$20:$H$27,"NaN",1) -> 13 | E20: =_xlfn.XLOOKUP(B20,Talente!A:A,Talente!D:D) -> Intuition | F20: =_xlfn.XLOOKUP(E20,Eigenschaften!$B$20:$B$27,Eigenschaften!$H$20:$H$27,"NaN",1) -> 15 | G20: =_xlfn.XLOOKUP(B20,Talente!A:A,Talente!E:E) -> Fingerfertigkeit | H20: =_xlfn.XLOOKUP(G20,Eigenschaften!$B$20:$B$27,Eigenschaften!$H$20:$H$27,"NaN",1) -> 10 | I20: =C20&": "&D20&" | "&E20&": "&F20&" | "&G20&": "&H20 -> Mut: 13 | Intuition: 15 | Fingerfertigkeit: 10 | J20: =_xlfn.XLOOKUP(B20,Talente!A:A,Talente!F:F) -> C | K20: =_xlfn.XLOOKUP(B20,Talente!A:A,Talente!G:G) -> x2 | L20: =IF(NOT(ISERROR(FIND("x",K20))),RIGHT(K20,1)*$H$2,IF(K20<0,IF(($H$2+K20)>0,$H$2+K20,0),IF(K20="-",0,0))) -> 2 | N20: =MAX(D20:H20)+3 -> 18 | O20: 0 | P20: =IF(M20="-","-",M20-L20+O20) -> -2
B21: Zechen | C21: =_xlfn.XLOOKUP(B21,Talente!A:A,Talente!C:C) -> Intuition | D21: =_xlfn.XLOOKUP(C21,Eigenschaften!$B$20:$B$27,Eigenschaften!$H$20:$H$27,"NaN",1) -> 15 | E21: =_xlfn.XLOOKUP(B21,Talente!A:A,Talente!D:D) -> Konstitution | F21: =_xlfn.XLOOKUP(E21,Eigenschaften!$B$20:$B$27,Eigenschaften!$H$20:$H$27,"NaN",1) -> 12 | G21: =_xlfn.XLOOKUP(B21,Talente!A:A,Talente!E:E) -> Körperkraft | H21: =_xlfn.XLOOKUP(G21,Eigenschaften!$B$20:$B$27,Eigenschaften!$H$20:$H$27,"NaN",1) -> 12 | I21: =C21&": "&D21&" | "&E21&": "&F21&" | "&G21&": "&H21 -> Intuition: 15 | Konstitution: 12 | Körperkraft: 12 | J21: =_xlfn.XLOOKUP(B21,Talente!A:A,Talente!F:F) -> B | K21: =_xlfn.XLOOKUP(B21,Talente!A:A,Talente!G:G) -> - | L21: =IF(NOT(ISERROR(FIND("x",K21))),RIGHT(K21,1)*$H$2,IF(K21<0,IF(($H$2+K21)>0,$H$2+K21,0),IF(K21="-",0,0))) -> 0 | N21: =MAX(D21:H21)+3 -> 18 | O21: 0 | P21: =IF(M21="-","-",M21-L21+O21) -> 0
B23: Wissenstalente | C23: Eigenschaft 1 | D23: Eigenschaft 1 | E23: Eigenschaft 2 | F23: Eigenschaft 2 | G23: Eigenschaft 3 | H23: Eigenschaft 3 | I23: =I3 -> Eigenschaften | J23: =J3 -> Kompl. | K23: =K3 -> BE | L23: =L3 -> eBE | M23: =M3 -> TaW | N23: =N3 -> max. TaW | O23: =O3 -> Mod | P23: =P3 -> TaW | ... S23: =S3 -> Sonderfertigkeiten
B24: Anatomie | C24: =_xlfn.XLOOKUP(B24,Talente!A:A,Talente!C:C) -> Mut | D24: =_xlfn.XLOOKUP(C24,Eigenschaften!$B$20:$B$27,Eigenschaften!$H$20:$H$27,"NaN",1) -> 13 | E24: =_xlfn.XLOOKUP(B24,Talente!A:A,Talente!D:D) -> Klugheit | F24: =_xlfn.XLOOKUP(E24,Eigenschaften!$B$20:$B$27,Eigenschaften!$H$20:$H$27,"NaN",1) -> 12 | G24: =_xlfn.XLOOKUP(B24,Talente!A:A,Talente!E:E) -> Fingerfertigkeit | H24: =_xlfn.XLOOKUP(G24,Eigenschaften!$B$20:$B$27,Eigenschaften!$H$20:$H$27,"NaN",1) -> 10 | I24: =C24&": "&D24&" | "&E24&": "&F24&" | "&G24&": "&H24 -> Mut: 13 | Klugheit: 12 | Fingerfertigkeit: 10 | J24: =_xlfn.XLOOKUP(B24,Talente!A:A,Talente!F:F) -> B | K24: =_xlfn.XLOOKUP(B24,Talente!A:A,Talente!G:G) -> - | L24: =IF(NOT(ISERROR(FIND("x",K24))),RIGHT(K24,1)*$H$2,IF(K24<0,IF(($H$2+K24)>0,$H$2+K24,0),IF(K24="-",0,0))) -> 0 | M24: 4 | N24: =MAX(D24:H24)+3 -> 16 | O24: 0 | P24: =IF(M24="-","-",M24-L24+O24) -> 4
B25: Baukunst | C25: =_xlfn.XLOOKUP(B25,Talente!A:A,Talente!C:C) -> Klugheit | D25: =_xlfn.XLOOKUP(C25,Eigenschaften!$B$20:$B$27,Eigenschaften!$H$20:$H$27,"NaN",1) -> 12 | E25: =_xlfn.XLOOKUP(B25,Talente!A:A,Talente!D:D) -> Klugheit | F25: =_xlfn.XLOOKUP(E25,Eigenschaften!$B$20:$B$27,Eigenschaften!$H$20:$H$27,"NaN",1) -> 12 | G25: =_xlfn.XLOOKUP(B25,Talente!A:A,Talente!E:E) -> Fingerfertigkeit | H25: =_xlfn.XLOOKUP(G25,Eigenschaften!$B$20:$B$27,Eigenschaften!$H$20:$H$27,"NaN",1) -> 10 | I25: =C25&": "&D25&" | "&E25&": "&F25&" | "&G25&": "&H25 -> Klugheit: 12 | Klugheit: 12 | Fingerfertigkeit: 10 | J25: =_xlfn.XLOOKUP(B25,Talente!A:A,Talente!F:F) -> B | K25: =_xlfn.XLOOKUP(B25,Talente!A:A,Talente!G:G) -> - | L25: =IF(NOT(ISERROR(FIND("x",K25))),RIGHT(K25,1)*$H$2,IF(K25<0,IF(($H$2+K25)>0,$H$2+K25,0),IF(K25="-",0,0))) -> 0 | N25: =MAX(D25:H25)+3 -> 15 | O25: 0 | P25: =IF(M25="-","-",M25-L25+O25) -> 0
B26: Brett-/Kartenspiel | C26: =_xlfn.XLOOKUP(B26,Talente!A:A,Talente!C:C) -> Klugheit | D26: =_xlfn.XLOOKUP(C26,Eigenschaften!$B$20:$B$27,Eigenschaften!$H$20:$H$27,"NaN",1) -> 12 | E26: =_xlfn.XLOOKUP(B26,Talente!A:A,Talente!D:D) -> Klugheit | F26: =_xlfn.XLOOKUP(E26,Eigenschaften!$B$20:$B$27,Eigenschaften!$H$20:$H$27,"NaN",1) -> 12 | G26: =_xlfn.XLOOKUP(B26,Talente!A:A,Talente!E:E) -> Intuition | H26: =_xlfn.XLOOKUP(G26,Eigenschaften!$B$20:$B$27,Eigenschaften!$H$20:$H$27,"NaN",1) -> 15 | I26: =C26&": "&D26&" | "&E26&": "&F26&" | "&G26&": "&H26 -> Klugheit: 12 | Klugheit: 12 | Intuition: 15 | J26: =_xlfn.XLOOKUP(B26,Talente!A:A,Talente!F:F) -> B | K26: =_xlfn.XLOOKUP(B26,Talente!A:A,Talente!G:G) -> - | L26: =IF(NOT(ISERROR(FIND("x",K26))),RIGHT(K26,1)*$H$2,IF(K26<0,IF(($H$2+K26)>0,$H$2+K26,0),IF(K26="-",0,0))) -> 0 | N26: =MAX(D26:H26)+3 -> 18 | O26: 0 | P26: =IF(M26="-","-",M26-L26+O26) -> 0
B27: Geographie | C27: =_xlfn.XLOOKUP(B27,Talente!A:A,Talente!C:C) -> Klugheit | D27: =_xlfn.XLOOKUP(C27,Eigenschaften!$B$20:$B$27,Eigenschaften!$H$20:$H$27,"NaN",1) -> 12 | E27: =_xlfn.XLOOKUP(B27,Talente!A:A,Talente!D:D) -> Klugheit | F27: =_xlfn.XLOOKUP(E27,Eigenschaften!$B$20:$B$27,Eigenschaften!$H$20:$H$27,"NaN",1) -> 12 | G27: =_xlfn.XLOOKUP(B27,Talente!A:A,Talente!E:E) -> Intuition | H27: =_xlfn.XLOOKUP(G27,Eigenschaften!$B$20:$B$27,Eigenschaften!$H$20:$H$27,"NaN",1) -> 15 | I27: =C27&": "&D27&" | "&E27&": "&F27&" | "&G27&": "&H27 -> Klugheit: 12 | Klugheit: 12 | Intuition: 15 | J27: =_xlfn.XLOOKUP(B27,Talente!A:A,Talente!F:F) -> B | K27: =_xlfn.XLOOKUP(B27,Talente!A:A,Talente!G:G) -> - | L27: =IF(NOT(ISERROR(FIND("x",K27))),RIGHT(K27,1)*$H$2,IF(K27<0,IF(($H$2+K27)>0,$H$2+K27,0),IF(K27="-",0,0))) -> 0 | N27: =MAX(D27:H27)+3 -> 18 | O27: 0 | P27: =IF(M27="-","-",M27-L27+O27) -> 0
B28: Geschichtswissen | C28: =_xlfn.XLOOKUP(B28,Talente!A:A,Talente!C:C) -> Klugheit | D28: =_xlfn.XLOOKUP(C28,Eigenschaften!$B$20:$B$27,Eigenschaften!$H$20:$H$27,"NaN",1) -> 12 | E28: =_xlfn.XLOOKUP(B28,Talente!A:A,Talente!D:D) -> Klugheit | F28: =_xlfn.XLOOKUP(E28,Eigenschaften!$B$20:$B$27,Eigenschaften!$H$20:$H$27,"NaN",1) -> 12 | G28: =_xlfn.XLOOKUP(B28,Talente!A:A,Talente!E:E) -> Intuition | H28: =_xlfn.XLOOKUP(G28,Eigenschaften!$B$20:$B$27,Eigenschaften!$H$20:$H$27,"NaN",1) -> 15 | I28: =C28&": "&D28&" | "&E28&": "&F28&" | "&G28&": "&H28 -> Klugheit: 12 | Klugheit: 12 | Intuition: 15 | J28: =_xlfn.XLOOKUP(B28,Talente!A:A,Talente!F:F) -> B | K28: =_xlfn.XLOOKUP(B28,Talente!A:A,Talente!G:G) -> - | L28: =IF(NOT(ISERROR(FIND("x",K28))),RIGHT(K28,1)*$H$2,IF(K28<0,IF(($H$2+K28)>0,$H$2+K28,0),IF(K28="-",0,0))) -> 0 | N28: =MAX(D28:H28)+3 -> 18 | O28: 0 | P28: =IF(M28="-","-",M28-L28+O28) -> 0
B29: Gesteinskunde | C29: =_xlfn.XLOOKUP(B29,Talente!A:A,Talente!C:C) -> Klugheit | D29: =_xlfn.XLOOKUP(C29,Eigenschaften!$B$20:$B$27,Eigenschaften!$H$20:$H$27,"NaN",1) -> 12 | E29: =_xlfn.XLOOKUP(B29,Talente!A:A,Talente!D:D) -> Intuition | F29: =_xlfn.XLOOKUP(E29,Eigenschaften!$B$20:$B$27,Eigenschaften!$H$20:$H$27,"NaN",1) -> 15 | G29: =_xlfn.XLOOKUP(B29,Talente!A:A,Talente!E:E) -> Fingerfertigkeit | H29: =_xlfn.XLOOKUP(G29,Eigenschaften!$B$20:$B$27,Eigenschaften!$H$20:$H$27,"NaN",1) -> 10 | I29: =C29&": "&D29&" | "&E29&": "&F29&" | "&G29&": "&H29 -> Klugheit: 12 | Intuition: 15 | Fingerfertigkeit: 10 | J29: =_xlfn.XLOOKUP(B29,Talente!A:A,Talente!F:F) -> B | K29: =_xlfn.XLOOKUP(B29,Talente!A:A,Talente!G:G) -> - | L29: =IF(NOT(ISERROR(FIND("x",K29))),RIGHT(K29,1)*$H$2,IF(K29<0,IF(($H$2+K29)>0,$H$2+K29,0),IF(K29="-",0,0))) -> 0 | N29: =MAX(D29:H29)+3 -> 18 | O29: 0 | P29: =IF(M29="-","-",M29-L29+O29) -> 0
B30: Götter / Kulte | C30: =_xlfn.XLOOKUP(B30,Talente!A:A,Talente!C:C) -> Klugheit | D30: =_xlfn.XLOOKUP(C30,Eigenschaften!$B$20:$B$27,Eigenschaften!$H$20:$H$27,"NaN",1) -> 12 | E30: =_xlfn.XLOOKUP(B30,Talente!A:A,Talente!D:D) -> Klugheit | F30: =_xlfn.XLOOKUP(E30,Eigenschaften!$B$20:$B$27,Eigenschaften!$H$20:$H$27,"NaN",1) -> 12 | G30: =_xlfn.XLOOKUP(B30,Talente!A:A,Talente!E:E) -> Intuition | H30: =_xlfn.XLOOKUP(G30,Eigenschaften!$B$20:$B$27,Eigenschaften!$H$20:$H$27,"NaN",1) -> 15 | I30: =C30&": "&D30&" | "&E30&": "&F30&" | "&G30&": "&H30 -> Klugheit: 12 | Klugheit: 12 | Intuition: 15 | J30: =_xlfn.XLOOKUP(B30,Talente!A:A,Talente!F:F) -> B | K30: =_xlfn.XLOOKUP(B30,Talente!A:A,Talente!G:G) -> - | L30: =IF(NOT(ISERROR(FIND("x",K30))),RIGHT(K30,1)*$H$2,IF(K30<0,IF(($H$2+K30)>0,$H$2+K30,0),IF(K30="-",0,0))) -> 0 | M30: 6 | N30: =MAX(D30:H30)+3 -> 18 | O30: 0 | P30: =IF(M30="-","-",M30-L30+O30) -> 6
B31: Heraldik | C31: =_xlfn.XLOOKUP(B31,Talente!A:A,Talente!C:C) -> Klugheit | D31: =_xlfn.XLOOKUP(C31,Eigenschaften!$B$20:$B$27,Eigenschaften!$H$20:$H$27,"NaN",1) -> 12 | E31: =_xlfn.XLOOKUP(B31,Talente!A:A,Talente!D:D) -> Klugheit | F31: =_xlfn.XLOOKUP(E31,Eigenschaften!$B$20:$B$27,Eigenschaften!$H$20:$H$27,"NaN",1) -> 12 | G31: =_xlfn.XLOOKUP(B31,Talente!A:A,Talente!E:E) -> Fingerfertigkeit | H31: =_xlfn.XLOOKUP(G31,Eigenschaften!$B$20:$B$27,Eigenschaften!$H$20:$H$27,"NaN",1) -> 10 | I31: =C31&": "&D31&" | "&E31&": "&F31&" | "&G31&": "&H31 -> Klugheit: 12 | Klugheit: 12 | Fingerfertigkeit: 10 | J31: =_xlfn.XLOOKUP(B31,Talente!A:A,Talente!F:F) -> B | K31: =_xlfn.XLOOKUP(B31,Talente!A:A,Talente!G:G) -> - | L31: =IF(NOT(ISERROR(FIND("x",K31))),RIGHT(K31,1)*$H$2,IF(K31<0,IF(($H$2+K31)>0,$H$2+K31,0),IF(K31="-",0,0))) -> 0 | N31: =MAX(D31:H31)+3 -> 15 | O31: 0 | P31: =IF(M31="-","-",M31-L31+O31) -> 0
B32: Hüttenkunde | C32: =_xlfn.XLOOKUP(B32,Talente!A:A,Talente!C:C) -> Klugheit | D32: =_xlfn.XLOOKUP(C32,Eigenschaften!$B$20:$B$27,Eigenschaften!$H$20:$H$27,"NaN",1) -> 12 | E32: =_xlfn.XLOOKUP(B32,Talente!A:A,Talente!D:D) -> Intuition | F32: =_xlfn.XLOOKUP(E32,Eigenschaften!$B$20:$B$27,Eigenschaften!$H$20:$H$27,"NaN",1) -> 15 | G32: =_xlfn.XLOOKUP(B32,Talente!A:A,Talente!E:E) -> Konstitution | H32: =_xlfn.XLOOKUP(G32,Eigenschaften!$B$20:$B$27,Eigenschaften!$H$20:$H$27,"NaN",1) -> 12 | I32: =C32&": "&D32&" | "&E32&": "&F32&" | "&G32&": "&H32 -> Klugheit: 12 | Intuition: 15 | Konstitution: 12 | J32: =_xlfn.XLOOKUP(B32,Talente!A:A,Talente!F:F) -> B | K32: =_xlfn.XLOOKUP(B32,Talente!A:A,Talente!G:G) -> - | L32: =IF(NOT(ISERROR(FIND("x",K32))),RIGHT(K32,1)*$H$2,IF(K32<0,IF(($H$2+K32)>0,$H$2+K32,0),IF(K32="-",0,0))) -> 0 | N32: =MAX(D32:H32)+3 -> 18 | O32: 0 | P32: =IF(M32="-","-",M32-L32+O32) -> 0
B33: Kriegskunst | C33: =_xlfn.XLOOKUP(B33,Talente!A:A,Talente!C:C) -> Mut | D33: =_xlfn.XLOOKUP(C33,Eigenschaften!$B$20:$B$27,Eigenschaften!$H$20:$H$27,"NaN",1) -> 13 | E33: =_xlfn.XLOOKUP(B33,Talente!A:A,Talente!D:D) -> Klugheit | F33: =_xlfn.XLOOKUP(E33,Eigenschaften!$B$20:$B$27,Eigenschaften!$H$20:$H$27,"NaN",1) -> 12 | G33: =_xlfn.XLOOKUP(B33,Talente!A:A,Talente!E:E) -> Charisma | H33: =_xlfn.XLOOKUP(G33,Eigenschaften!$B$20:$B$27,Eigenschaften!$H$20:$H$27,"NaN",1) -> 15 | I33: =C33&": "&D33&" | "&E33&": "&F33&" | "&G33&": "&H33 -> Mut: 13 | Klugheit: 12 | Charisma: 15 | J33: =_xlfn.XLOOKUP(B33,Talente!A:A,Talente!F:F) -> B | K33: =_xlfn.XLOOKUP(B33,Talente!A:A,Talente!G:G) -> - | L33: =IF(NOT(ISERROR(FIND("x",K33))),RIGHT(K33,1)*$H$2,IF(K33<0,IF(($H$2+K33)>0,$H$2+K33,0),IF(K33="-",0,0))) -> 0 | N33: =MAX(D33:H33)+3 -> 18 | O33: 0 | P33: =IF(M33="-","-",M33-L33+O33) -> 0
B34: Kryptographie | C34: =_xlfn.XLOOKUP(B34,Talente!A:A,Talente!C:C) -> Klugheit | D34: =_xlfn.XLOOKUP(C34,Eigenschaften!$B$20:$B$27,Eigenschaften!$H$20:$H$27,"NaN",1) -> 12 | E34: =_xlfn.XLOOKUP(B34,Talente!A:A,Talente!D:D) -> Klugheit | F34: =_xlfn.XLOOKUP(E34,Eigenschaften!$B$20:$B$27,Eigenschaften!$H$20:$H$27,"NaN",1) -> 12 | G34: =_xlfn.XLOOKUP(B34,Talente!A:A,Talente!E:E) -> Intuition | H34: =_xlfn.XLOOKUP(G34,Eigenschaften!$B$20:$B$27,Eigenschaften!$H$20:$H$27,"NaN",1) -> 15 | I34: =C34&": "&D34&" | "&E34&": "&F34&" | "&G34&": "&H34 -> Klugheit: 12 | Klugheit: 12 | Intuition: 15 | J34: =_xlfn.XLOOKUP(B34,Talente!A:A,Talente!F:F) -> B | K34: =_xlfn.XLOOKUP(B34,Talente!A:A,Talente!G:G) -> - | L34: =IF(NOT(ISERROR(FIND("x",K34))),RIGHT(K34,1)*$H$2,IF(K34<0,IF(($H$2+K34)>0,$H$2+K34,0),IF(K34="-",0,0))) -> 0 | N34: =MAX(D34:H34)+3 -> 18 | O34: 0 | P34: =IF(M34="-","-",M34-L34+O34) -> 0
B35: Magiekunde | C35: =_xlfn.XLOOKUP(B35,Talente!A:A,Talente!C:C) -> Klugheit | D35: =_xlfn.XLOOKUP(C35,Eigenschaften!$B$20:$B$27,Eigenschaften!$H$20:$H$27,"NaN",1) -> 12 | E35: =_xlfn.XLOOKUP(B35,Talente!A:A,Talente!D:D) -> Klugheit | F35: =_xlfn.XLOOKUP(E35,Eigenschaften!$B$20:$B$27,Eigenschaften!$H$20:$H$27,"NaN",1) -> 12 | G35: =_xlfn.XLOOKUP(B35,Talente!A:A,Talente!E:E) -> Intuition | H35: =_xlfn.XLOOKUP(G35,Eigenschaften!$B$20:$B$27,Eigenschaften!$H$20:$H$27,"NaN",1) -> 15 | I35: =C35&": "&D35&" | "&E35&": "&F35&" | "&G35&": "&H35 -> Klugheit: 12 | Klugheit: 12 | Intuition: 15 | J35: =_xlfn.XLOOKUP(B35,Talente!A:A,Talente!F:F) -> B | K35: =_xlfn.XLOOKUP(B35,Talente!A:A,Talente!G:G) -> - | L35: =IF(NOT(ISERROR(FIND("x",K35))),RIGHT(K35,1)*$H$2,IF(K35<0,IF(($H$2+K35)>0,$H$2+K35,0),IF(K35="-",0,0))) -> 0 | M35: 6 | N35: =MAX(D35:H35)+3 -> 18 | O35: 0 | P35: =IF(M35="-","-",M35-L35+O35) -> 6
B36: Mechanik | C36: =_xlfn.XLOOKUP(B36,Talente!A:A,Talente!C:C) -> Klugheit | D36: =_xlfn.XLOOKUP(C36,Eigenschaften!$B$20:$B$27,Eigenschaften!$H$20:$H$27,"NaN",1) -> 12 | E36: =_xlfn.XLOOKUP(B36,Talente!A:A,Talente!D:D) -> Klugheit | F36: =_xlfn.XLOOKUP(E36,Eigenschaften!$B$20:$B$27,Eigenschaften!$H$20:$H$27,"NaN",1) -> 12 | G36: =_xlfn.XLOOKUP(B36,Talente!A:A,Talente!E:E) -> Fingerfertigkeit | H36: =_xlfn.XLOOKUP(G36,Eigenschaften!$B$20:$B$27,Eigenschaften!$H$20:$H$27,"NaN",1) -> 10 | I36: =C36&": "&D36&" | "&E36&": "&F36&" | "&G36&": "&H36 -> Klugheit: 12 | Klugheit: 12 | Fingerfertigkeit: 10 | J36: =_xlfn.XLOOKUP(B36,Talente!A:A,Talente!F:F) -> B | K36: =_xlfn.XLOOKUP(B36,Talente!A:A,Talente!G:G) -> - | L36: =IF(NOT(ISERROR(FIND("x",K36))),RIGHT(K36,1)*$H$2,IF(K36<0,IF(($H$2+K36)>0,$H$2+K36,0),IF(K36="-",0,0))) -> 0 | N36: =MAX(D36:H36)+3 -> 15 | O36: 0 | P36: =IF(M36="-","-",M36-L36+O36) -> 0
B37: Pflanzenkunde | C37: =_xlfn.XLOOKUP(B37,Talente!A:A,Talente!C:C) -> Klugheit | D37: =_xlfn.XLOOKUP(C37,Eigenschaften!$B$20:$B$27,Eigenschaften!$H$20:$H$27,"NaN",1) -> 12 | E37: =_xlfn.XLOOKUP(B37,Talente!A:A,Talente!D:D) -> Intuition | F37: =_xlfn.XLOOKUP(E37,Eigenschaften!$B$20:$B$27,Eigenschaften!$H$20:$H$27,"NaN",1) -> 15 | G37: =_xlfn.XLOOKUP(B37,Talente!A:A,Talente!E:E) -> Fingerfertigkeit | H37: =_xlfn.XLOOKUP(G37,Eigenschaften!$B$20:$B$27,Eigenschaften!$H$20:$H$27,"NaN",1) -> 10 | I37: =C37&": "&D37&" | "&E37&": "&F37&" | "&G37&": "&H37 -> Klugheit: 12 | Intuition: 15 | Fingerfertigkeit: 10 | J37: =_xlfn.XLOOKUP(B37,Talente!A:A,Talente!F:F) -> B | K37: =_xlfn.XLOOKUP(B37,Talente!A:A,Talente!G:G) -> - | L37: =IF(NOT(ISERROR(FIND("x",K37))),RIGHT(K37,1)*$H$2,IF(K37<0,IF(($H$2+K37)>0,$H$2+K37,0),IF(K37="-",0,0))) -> 0 | M37: 11 | N37: =MAX(D37:H37)+3 -> 18 | O37: 0 | P37: =IF(M37="-","-",M37-L37+O37) -> 11
B38: Philosophie | C38: =_xlfn.XLOOKUP(B38,Talente!A:A,Talente!C:C) -> Klugheit | D38: =_xlfn.XLOOKUP(C38,Eigenschaften!$B$20:$B$27,Eigenschaften!$H$20:$H$27,"NaN",1) -> 12 | E38: =_xlfn.XLOOKUP(B38,Talente!A:A,Talente!D:D) -> Klugheit | F38: =_xlfn.XLOOKUP(E38,Eigenschaften!$B$20:$B$27,Eigenschaften!$H$20:$H$27,"NaN",1) -> 12 | G38: =_xlfn.XLOOKUP(B38,Talente!A:A,Talente!E:E) -> Intuition | H38: =_xlfn.XLOOKUP(G38,Eigenschaften!$B$20:$B$27,Eigenschaften!$H$20:$H$27,"NaN",1) -> 15 | I38: =C38&": "&D38&" | "&E38&": "&F38&" | "&G38&": "&H38 -> Klugheit: 12 | Klugheit: 12 | Intuition: 15 | J38: =_xlfn.XLOOKUP(B38,Talente!A:A,Talente!F:F) -> B | K38: =_xlfn.XLOOKUP(B38,Talente!A:A,Talente!G:G) -> - | L38: =IF(NOT(ISERROR(FIND("x",K38))),RIGHT(K38,1)*$H$2,IF(K38<0,IF(($H$2+K38)>0,$H$2+K38,0),IF(K38="-",0,0))) -> 0 | M38: 2 | N38: =MAX(D38:H38)+3 -> 18 | O38: 0 | P38: =IF(M38="-","-",M38-L38+O38) -> 2
B39: Rechnen | C39: =_xlfn.XLOOKUP(B39,Talente!A:A,Talente!C:C) -> Klugheit | D39: =_xlfn.XLOOKUP(C39,Eigenschaften!$B$20:$B$27,Eigenschaften!$H$20:$H$27,"NaN",1) -> 12 | E39: =_xlfn.XLOOKUP(B39,Talente!A:A,Talente!D:D) -> Klugheit | F39: =_xlfn.XLOOKUP(E39,Eigenschaften!$B$20:$B$27,Eigenschaften!$H$20:$H$27,"NaN",1) -> 12 | G39: =_xlfn.XLOOKUP(B39,Talente!A:A,Talente!E:E) -> Intuition | H39: =_xlfn.XLOOKUP(G39,Eigenschaften!$B$20:$B$27,Eigenschaften!$H$20:$H$27,"NaN",1) -> 15 | I39: =C39&": "&D39&" | "&E39&": "&F39&" | "&G39&": "&H39 -> Klugheit: 12 | Klugheit: 12 | Intuition: 15 | J39: =_xlfn.XLOOKUP(B39,Talente!A:A,Talente!F:F) -> B | K39: =_xlfn.XLOOKUP(B39,Talente!A:A,Talente!G:G) -> - | L39: =IF(NOT(ISERROR(FIND("x",K39))),RIGHT(K39,1)*$H$2,IF(K39<0,IF(($H$2+K39)>0,$H$2+K39,0),IF(K39="-",0,0))) -> 0 | M39: 4 | N39: =MAX(D39:H39)+3 -> 18 | O39: 0 | P39: =IF(M39="-","-",M39-L39+O39) -> 4
B40: Rechtskunde | C40: =_xlfn.XLOOKUP(B40,Talente!A:A,Talente!C:C) -> Klugheit | D40: =_xlfn.XLOOKUP(C40,Eigenschaften!$B$20:$B$27,Eigenschaften!$H$20:$H$27,"NaN",1) -> 12 | E40: =_xlfn.XLOOKUP(B40,Talente!A:A,Talente!D:D) -> Klugheit | F40: =_xlfn.XLOOKUP(E40,Eigenschaften!$B$20:$B$27,Eigenschaften!$H$20:$H$27,"NaN",1) -> 12 | G40: =_xlfn.XLOOKUP(B40,Talente!A:A,Talente!E:E) -> Intuition | H40: =_xlfn.XLOOKUP(G40,Eigenschaften!$B$20:$B$27,Eigenschaften!$H$20:$H$27,"NaN",1) -> 15 | I40: =C40&": "&D40&" | "&E40&": "&F40&" | "&G40&": "&H40 -> Klugheit: 12 | Klugheit: 12 | Intuition: 15 | J40: =_xlfn.XLOOKUP(B40,Talente!A:A,Talente!F:F) -> B | K40: =_xlfn.XLOOKUP(B40,Talente!A:A,Talente!G:G) -> - | L40: =IF(NOT(ISERROR(FIND("x",K40))),RIGHT(K40,1)*$H$2,IF(K40<0,IF(($H$2+K40)>0,$H$2+K40,0),IF(K40="-",0,0))) -> 0 | N40: =MAX(D40:H40)+3 -> 18 | O40: 0 | P40: =IF(M40="-","-",M40-L40+O40) -> 0
B41: Sagen / Legenden | C41: =_xlfn.XLOOKUP(B41,Talente!A:A,Talente!C:C) -> Klugheit | D41: =_xlfn.XLOOKUP(C41,Eigenschaften!$B$20:$B$27,Eigenschaften!$H$20:$H$27,"NaN",1) -> 12 | E41: =_xlfn.XLOOKUP(B41,Talente!A:A,Talente!D:D) -> Intuition | F41: =_xlfn.XLOOKUP(E41,Eigenschaften!$B$20:$B$27,Eigenschaften!$H$20:$H$27,"NaN",1) -> 15 | G41: =_xlfn.XLOOKUP(B41,Talente!A:A,Talente!E:E) -> Charisma | H41: =_xlfn.XLOOKUP(G41,Eigenschaften!$B$20:$B$27,Eigenschaften!$H$20:$H$27,"NaN",1) -> 15 | I41: =C41&": "&D41&" | "&E41&": "&F41&" | "&G41&": "&H41 -> Klugheit: 12 | Intuition: 15 | Charisma: 15 | J41: =_xlfn.XLOOKUP(B41,Talente!A:A,Talente!F:F) -> B | K41: =_xlfn.XLOOKUP(B41,Talente!A:A,Talente!G:G) -> - | L41: =IF(NOT(ISERROR(FIND("x",K41))),RIGHT(K41,1)*$H$2,IF(K41<0,IF(($H$2+K41)>0,$H$2+K41,0),IF(K41="-",0,0))) -> 0 | M41: 6 | N41: =MAX(D41:H41)+3 -> 18 | O41: 0 | P41: =IF(M41="-","-",M41-L41+O41) -> 6
B42: Schätzen | C42: =_xlfn.XLOOKUP(B42,Talente!A:A,Talente!C:C) -> Klugheit | D42: =_xlfn.XLOOKUP(C42,Eigenschaften!$B$20:$B$27,Eigenschaften!$H$20:$H$27,"NaN",1) -> 12 | E42: =_xlfn.XLOOKUP(B42,Talente!A:A,Talente!D:D) -> Intuition | F42: =_xlfn.XLOOKUP(E42,Eigenschaften!$B$20:$B$27,Eigenschaften!$H$20:$H$27,"NaN",1) -> 15 | G42: =_xlfn.XLOOKUP(B42,Talente!A:A,Talente!E:E) -> Intuition | H42: =_xlfn.XLOOKUP(G42,Eigenschaften!$B$20:$B$27,Eigenschaften!$H$20:$H$27,"NaN",1) -> 15 | I42: =C42&": "&D42&" | "&E42&": "&F42&" | "&G42&": "&H42 -> Klugheit: 12 | Intuition: 15 | Intuition: 15 | J42: =_xlfn.XLOOKUP(B42,Talente!A:A,Talente!F:F) -> B | K42: =_xlfn.XLOOKUP(B42,Talente!A:A,Talente!G:G) -> - | L42: =IF(NOT(ISERROR(FIND("x",K42))),RIGHT(K42,1)*$H$2,IF(K42<0,IF(($H$2+K42)>0,$H$2+K42,0),IF(K42="-",0,0))) -> 0 | N42: =MAX(D42:H42)+3 -> 18 | O42: 0 | P42: =IF(M42="-","-",M42-L42+O42) -> 0
B43: Sprachenkunde | C43: =_xlfn.XLOOKUP(B43,Talente!A:A,Talente!C:C) -> Klugheit | D43: =_xlfn.XLOOKUP(C43,Eigenschaften!$B$20:$B$27,Eigenschaften!$H$20:$H$27,"NaN",1) -> 12 | E43: =_xlfn.XLOOKUP(B43,Talente!A:A,Talente!D:D) -> Klugheit | F43: =_xlfn.XLOOKUP(E43,Eigenschaften!$B$20:$B$27,Eigenschaften!$H$20:$H$27,"NaN",1) -> 12 | G43: =_xlfn.XLOOKUP(B43,Talente!A:A,Talente!E:E) -> Intuition | H43: =_xlfn.XLOOKUP(G43,Eigenschaften!$B$20:$B$27,Eigenschaften!$H$20:$H$27,"NaN",1) -> 15 | I43: =C43&": "&D43&" | "&E43&": "&F43&" | "&G43&": "&H43 -> Klugheit: 12 | Klugheit: 12 | Intuition: 15 | J43: =_xlfn.XLOOKUP(B43,Talente!A:A,Talente!F:F) -> B | K43: =_xlfn.XLOOKUP(B43,Talente!A:A,Talente!G:G) -> - | L43: =IF(NOT(ISERROR(FIND("x",K43))),RIGHT(K43,1)*$H$2,IF(K43<0,IF(($H$2+K43)>0,$H$2+K43,0),IF(K43="-",0,0))) -> 0 | N43: =MAX(D43:H43)+3 -> 18 | O43: 0 | P43: =IF(M43="-","-",M43-L43+O43) -> 0
B44: Staatskunst | C44: =_xlfn.XLOOKUP(B44,Talente!A:A,Talente!C:C) -> Klugheit | D44: =_xlfn.XLOOKUP(C44,Eigenschaften!$B$20:$B$27,Eigenschaften!$H$20:$H$27,"NaN",1) -> 12 | E44: =_xlfn.XLOOKUP(B44,Talente!A:A,Talente!D:D) -> Intuition | F44: =_xlfn.XLOOKUP(E44,Eigenschaften!$B$20:$B$27,Eigenschaften!$H$20:$H$27,"NaN",1) -> 15 | G44: =_xlfn.XLOOKUP(B44,Talente!A:A,Talente!E:E) -> Charisma | H44: =_xlfn.XLOOKUP(G44,Eigenschaften!$B$20:$B$27,Eigenschaften!$H$20:$H$27,"NaN",1) -> 15 | I44: =C44&": "&D44&" | "&E44&": "&F44&" | "&G44&": "&H44 -> Klugheit: 12 | Intuition: 15 | Charisma: 15 | J44: =_xlfn.XLOOKUP(B44,Talente!A:A,Talente!F:F) -> B | K44: =_xlfn.XLOOKUP(B44,Talente!A:A,Talente!G:G) -> - | L44: =IF(NOT(ISERROR(FIND("x",K44))),RIGHT(K44,1)*$H$2,IF(K44<0,IF(($H$2+K44)>0,$H$2+K44,0),IF(K44="-",0,0))) -> 0 | N44: =MAX(D44:H44)+3 -> 18 | O44: 0 | P44: =IF(M44="-","-",M44-L44+O44) -> 0
B45: Sternkunde | C45: =_xlfn.XLOOKUP(B45,Talente!A:A,Talente!C:C) -> Klugheit | D45: =_xlfn.XLOOKUP(C45,Eigenschaften!$B$20:$B$27,Eigenschaften!$H$20:$H$27,"NaN",1) -> 12 | E45: =_xlfn.XLOOKUP(B45,Talente!A:A,Talente!D:D) -> Klugheit | F45: =_xlfn.XLOOKUP(E45,Eigenschaften!$B$20:$B$27,Eigenschaften!$H$20:$H$27,"NaN",1) -> 12 | G45: =_xlfn.XLOOKUP(B45,Talente!A:A,Talente!E:E) -> Intuition | H45: =_xlfn.XLOOKUP(G45,Eigenschaften!$B$20:$B$27,Eigenschaften!$H$20:$H$27,"NaN",1) -> 15 | I45: =C45&": "&D45&" | "&E45&": "&F45&" | "&G45&": "&H45 -> Klugheit: 12 | Klugheit: 12 | Intuition: 15 | J45: =_xlfn.XLOOKUP(B45,Talente!A:A,Talente!F:F) -> B | K45: =_xlfn.XLOOKUP(B45,Talente!A:A,Talente!G:G) -> - | L45: =IF(NOT(ISERROR(FIND("x",K45))),RIGHT(K45,1)*$H$2,IF(K45<0,IF(($H$2+K45)>0,$H$2+K45,0),IF(K45="-",0,0))) -> 0 | M45: 5 | N45: =MAX(D45:H45)+3 -> 18 | O45: 0 | P45: =IF(M45="-","-",M45-L45+O45) -> 5
B46: Tierkunde | C46: =_xlfn.XLOOKUP(B46,Talente!A:A,Talente!C:C) -> Mut | D46: =_xlfn.XLOOKUP(C46,Eigenschaften!$B$20:$B$27,Eigenschaften!$H$20:$H$27,"NaN",1) -> 13 | E46: =_xlfn.XLOOKUP(B46,Talente!A:A,Talente!D:D) -> Klugheit | F46: =_xlfn.XLOOKUP(E46,Eigenschaften!$B$20:$B$27,Eigenschaften!$H$20:$H$27,"NaN",1) -> 12 | G46: =_xlfn.XLOOKUP(B46,Talente!A:A,Talente!E:E) -> Intuition | H46: =_xlfn.XLOOKUP(G46,Eigenschaften!$B$20:$B$27,Eigenschaften!$H$20:$H$27,"NaN",1) -> 15 | I46: =C46&": "&D46&" | "&E46&": "&F46&" | "&G46&": "&H46 -> Mut: 13 | Klugheit: 12 | Intuition: 15 | J46: =_xlfn.XLOOKUP(B46,Talente!A:A,Talente!F:F) -> B | K46: =_xlfn.XLOOKUP(B46,Talente!A:A,Talente!G:G) -> - | L46: =IF(NOT(ISERROR(FIND("x",K46))),RIGHT(K46,1)*$H$2,IF(K46<0,IF(($H$2+K46)>0,$H$2+K46,0),IF(K46="-",0,0))) -> 0 | M46: 8 | N46: =MAX(D46:H46)+3 -> 18 | O46: 0 | P46: =IF(M46="-","-",M46-L46+O46) -> 8
B48: Gesellschaftliche Talente | C48: Eigenschaft 1 | D48: Eigenschaft 1 | E48: Eigenschaft 2 | F48: Eigenschaft 2 | G48: Eigenschaft 3 | H48: Eigenschaft 3 | I48: =I23 -> Eigenschaften | J48: =J23 -> Kompl. | K48: =K23 -> BE | L48: =L23 -> eBE | M48: =M23 -> TaW | N48: =N23 -> max. TaW | O48: =O23 -> Mod | P48: =P23 -> TaW | ... R48: =R23 -> Spezialisierung | S48: =S3 -> Sonderfertigkeiten
B49: Betören | C49: =_xlfn.XLOOKUP(B49,Talente!A:A,Talente!C:C) -> Intuition | D49: =_xlfn.XLOOKUP(C49,Eigenschaften!$B$20:$B$27,Eigenschaften!$H$20:$H$27,"NaN",1) -> 15 | E49: =_xlfn.XLOOKUP(B49,Talente!A:A,Talente!D:D) -> Charisma | F49: =_xlfn.XLOOKUP(E49,Eigenschaften!$B$20:$B$27,Eigenschaften!$H$20:$H$27,"NaN",1) -> 15 | G49: =_xlfn.XLOOKUP(B49,Talente!A:A,Talente!E:E) -> Charisma | H49: =_xlfn.XLOOKUP(G49,Eigenschaften!$B$20:$B$27,Eigenschaften!$H$20:$H$27,"NaN",1) -> 15 | I49: =C49&": "&D49&" | "&E49&": "&F49&" | "&G49&": "&H49 -> Intuition: 15 | Charisma: 15 | Charisma: 15 | J49: =_xlfn.XLOOKUP(B49,Talente!A:A,Talente!F:F) -> B | K49: =_xlfn.XLOOKUP(B49,Talente!A:A,Talente!G:G) -> - | L49: =IF(NOT(ISERROR(FIND("x",K49))),RIGHT(K49,1)*$H$2,IF(K49<0,IF(($H$2+K49)>0,$H$2+K49,0),IF(K49="-",0,0))) -> 0 | M49: 2 | N49: =MAX(D49:H49)+3 -> 18 | O49: 0 | P49: =IF(M49="-","-",M49-L49+O49) -> 2
B50: Etikette | C50: =_xlfn.XLOOKUP(B50,Talente!A:A,Talente!C:C) -> Klugheit | D50: =_xlfn.XLOOKUP(C50,Eigenschaften!$B$20:$B$27,Eigenschaften!$H$20:$H$27,"NaN",1) -> 12 | E50: =_xlfn.XLOOKUP(B50,Talente!A:A,Talente!D:D) -> Intuition | F50: =_xlfn.XLOOKUP(E50,Eigenschaften!$B$20:$B$27,Eigenschaften!$H$20:$H$27,"NaN",1) -> 15 | G50: =_xlfn.XLOOKUP(B50,Talente!A:A,Talente!E:E) -> Charisma | H50: =_xlfn.XLOOKUP(G50,Eigenschaften!$B$20:$B$27,Eigenschaften!$H$20:$H$27,"NaN",1) -> 15 | I50: =C50&": "&D50&" | "&E50&": "&F50&" | "&G50&": "&H50 -> Klugheit: 12 | Intuition: 15 | Charisma: 15 | J50: =_xlfn.XLOOKUP(B50,Talente!A:A,Talente!F:F) -> B | K50: =_xlfn.XLOOKUP(B50,Talente!A:A,Talente!G:G) -> - | L50: =IF(NOT(ISERROR(FIND("x",K50))),RIGHT(K50,1)*$H$2,IF(K50<0,IF(($H$2+K50)>0,$H$2+K50,0),IF(K50="-",0,0))) -> 0 | M50: 3 | N50: =MAX(D50:H50)+3 -> 18 | O50: 0 | P50: =IF(M50="-","-",M50-L50+O50) -> 3
B51: Gassenwissen | C51: =_xlfn.XLOOKUP(B51,Talente!A:A,Talente!C:C) -> Klugheit | D51: =_xlfn.XLOOKUP(C51,Eigenschaften!$B$20:$B$27,Eigenschaften!$H$20:$H$27,"NaN",1) -> 12 | E51: =_xlfn.XLOOKUP(B51,Talente!A:A,Talente!D:D) -> Intuition | F51: =_xlfn.XLOOKUP(E51,Eigenschaften!$B$20:$B$27,Eigenschaften!$H$20:$H$27,"NaN",1) -> 15 | G51: =_xlfn.XLOOKUP(B51,Talente!A:A,Talente!E:E) -> Charisma | H51: =_xlfn.XLOOKUP(G51,Eigenschaften!$B$20:$B$27,Eigenschaften!$H$20:$H$27,"NaN",1) -> 15 | I51: =C51&": "&D51&" | "&E51&": "&F51&" | "&G51&": "&H51 -> Klugheit: 12 | Intuition: 15 | Charisma: 15 | J51: =_xlfn.XLOOKUP(B51,Talente!A:A,Talente!F:F) -> B | K51: =_xlfn.XLOOKUP(B51,Talente!A:A,Talente!G:G) -> - | L51: =IF(NOT(ISERROR(FIND("x",K51))),RIGHT(K51,1)*$H$2,IF(K51<0,IF(($H$2+K51)>0,$H$2+K51,0),IF(K51="-",0,0))) -> 0 | M51: 1 | N51: =MAX(D51:H51)+3 -> 18 | O51: 0 | P51: =IF(M51="-","-",M51-L51+O51) -> 1
B52: Lehren | C52: =_xlfn.XLOOKUP(B52,Talente!A:A,Talente!C:C) -> Klugheit | D52: =_xlfn.XLOOKUP(C52,Eigenschaften!$B$20:$B$27,Eigenschaften!$H$20:$H$27,"NaN",1) -> 12 | E52: =_xlfn.XLOOKUP(B52,Talente!A:A,Talente!D:D) -> Intuition | F52: =_xlfn.XLOOKUP(E52,Eigenschaften!$B$20:$B$27,Eigenschaften!$H$20:$H$27,"NaN",1) -> 15 | G52: =_xlfn.XLOOKUP(B52,Talente!A:A,Talente!E:E) -> Charisma | H52: =_xlfn.XLOOKUP(G52,Eigenschaften!$B$20:$B$27,Eigenschaften!$H$20:$H$27,"NaN",1) -> 15 | I52: =C52&": "&D52&" | "&E52&": "&F52&" | "&G52&": "&H52 -> Klugheit: 12 | Intuition: 15 | Charisma: 15 | J52: =_xlfn.XLOOKUP(B52,Talente!A:A,Talente!F:F) -> B | K52: =_xlfn.XLOOKUP(B52,Talente!A:A,Talente!G:G) -> - | L52: =IF(NOT(ISERROR(FIND("x",K52))),RIGHT(K52,1)*$H$2,IF(K52<0,IF(($H$2+K52)>0,$H$2+K52,0),IF(K52="-",0,0))) -> 0 | N52: =MAX(D52:H52)+3 -> 18 | O52: 0 | P52: =IF(M52="-","-",M52-L52+O52) -> 0
B53: Menschenkenntnis | C53: =_xlfn.XLOOKUP(B53,Talente!A:A,Talente!C:C) -> Klugheit | D53: =_xlfn.XLOOKUP(C53,Eigenschaften!$B$20:$B$27,Eigenschaften!$H$20:$H$27,"NaN",1) -> 12 | E53: =_xlfn.XLOOKUP(B53,Talente!A:A,Talente!D:D) -> Intuition | F53: =_xlfn.XLOOKUP(E53,Eigenschaften!$B$20:$B$27,Eigenschaften!$H$20:$H$27,"NaN",1) -> 15 | G53: =_xlfn.XLOOKUP(B53,Talente!A:A,Talente!E:E) -> Charisma | H53: =_xlfn.XLOOKUP(G53,Eigenschaften!$B$20:$B$27,Eigenschaften!$H$20:$H$27,"NaN",1) -> 15 | I53: =C53&": "&D53&" | "&E53&": "&F53&" | "&G53&": "&H53 -> Klugheit: 12 | Intuition: 15 | Charisma: 15 | J53: =_xlfn.XLOOKUP(B53,Talente!A:A,Talente!F:F) -> B | K53: =_xlfn.XLOOKUP(B53,Talente!A:A,Talente!G:G) -> - | L53: =IF(NOT(ISERROR(FIND("x",K53))),RIGHT(K53,1)*$H$2,IF(K53<0,IF(($H$2+K53)>0,$H$2+K53,0),IF(K53="-",0,0))) -> 0 | M53: 9 | N53: =MAX(D53:H53)+3 -> 18 | O53: 0 | P53: =IF(M53="-","-",M53-L53+O53) -> 9
B54: Schauspielerei | C54: =_xlfn.XLOOKUP(B54,Talente!A:A,Talente!C:C) -> Mut | D54: =_xlfn.XLOOKUP(C54,Eigenschaften!$B$20:$B$27,Eigenschaften!$H$20:$H$27,"NaN",1) -> 13 | E54: =_xlfn.XLOOKUP(B54,Talente!A:A,Talente!D:D) -> Klugheit | F54: =_xlfn.XLOOKUP(E54,Eigenschaften!$B$20:$B$27,Eigenschaften!$H$20:$H$27,"NaN",1) -> 12 | G54: =_xlfn.XLOOKUP(B54,Talente!A:A,Talente!E:E) -> Charisma | H54: =_xlfn.XLOOKUP(G54,Eigenschaften!$B$20:$B$27,Eigenschaften!$H$20:$H$27,"NaN",1) -> 15 | I54: =C54&": "&D54&" | "&E54&": "&F54&" | "&G54&": "&H54 -> Mut: 13 | Klugheit: 12 | Charisma: 15 | J54: =_xlfn.XLOOKUP(B54,Talente!A:A,Talente!F:F) -> B | K54: =_xlfn.XLOOKUP(B54,Talente!A:A,Talente!G:G) -> - | L54: =IF(NOT(ISERROR(FIND("x",K54))),RIGHT(K54,1)*$H$2,IF(K54<0,IF(($H$2+K54)>0,$H$2+K54,0),IF(K54="-",0,0))) -> 0 | N54: =MAX(D54:H54)+3 -> 18 | O54: 0 | P54: =IF(M54="-","-",M54-L54+O54) -> 0
B55: Schriftlicher Ausdruck | C55: =_xlfn.XLOOKUP(B55,Talente!A:A,Talente!C:C) -> Klugheit | D55: =_xlfn.XLOOKUP(C55,Eigenschaften!$B$20:$B$27,Eigenschaften!$H$20:$H$27,"NaN",1) -> 12 | E55: =_xlfn.XLOOKUP(B55,Talente!A:A,Talente!D:D) -> Intuition | F55: =_xlfn.XLOOKUP(E55,Eigenschaften!$B$20:$B$27,Eigenschaften!$H$20:$H$27,"NaN",1) -> 15 | G55: =_xlfn.XLOOKUP(B55,Talente!A:A,Talente!E:E) -> Intuition | H55: =_xlfn.XLOOKUP(G55,Eigenschaften!$B$20:$B$27,Eigenschaften!$H$20:$H$27,"NaN",1) -> 15 | I55: =C55&": "&D55&" | "&E55&": "&F55&" | "&G55&": "&H55 -> Klugheit: 12 | Intuition: 15 | Intuition: 15 | J55: =_xlfn.XLOOKUP(B55,Talente!A:A,Talente!F:F) -> B | K55: =_xlfn.XLOOKUP(B55,Talente!A:A,Talente!G:G) -> - | L55: =IF(NOT(ISERROR(FIND("x",K55))),RIGHT(K55,1)*$H$2,IF(K55<0,IF(($H$2+K55)>0,$H$2+K55,0),IF(K55="-",0,0))) -> 0 | N55: =MAX(D55:H55)+3 -> 18 | O55: 0 | P55: =IF(M55="-","-",M55-L55+O55) -> 0
B56: Sich Verkleiden | C56: =_xlfn.XLOOKUP(B56,Talente!A:A,Talente!C:C) -> Mut | D56: =_xlfn.XLOOKUP(C56,Eigenschaften!$B$20:$B$27,Eigenschaften!$H$20:$H$27,"NaN",1) -> 13 | E56: =_xlfn.XLOOKUP(B56,Talente!A:A,Talente!D:D) -> Charisma | F56: =_xlfn.XLOOKUP(E56,Eigenschaften!$B$20:$B$27,Eigenschaften!$H$20:$H$27,"NaN",1) -> 15 | G56: =_xlfn.XLOOKUP(B56,Talente!A:A,Talente!E:E) -> Gewandheit | H56: =_xlfn.XLOOKUP(G56,Eigenschaften!$B$20:$B$27,Eigenschaften!$H$20:$H$27,"NaN",1) -> 14 | I56: =C56&": "&D56&" | "&E56&": "&F56&" | "&G56&": "&H56 -> Mut: 13 | Charisma: 15 | Gewandheit: 14 | J56: =_xlfn.XLOOKUP(B56,Talente!A:A,Talente!F:F) -> B | K56: =_xlfn.XLOOKUP(B56,Talente!A:A,Talente!G:G) -> - | L56: =IF(NOT(ISERROR(FIND("x",K56))),RIGHT(K56,1)*$H$2,IF(K56<0,IF(($H$2+K56)>0,$H$2+K56,0),IF(K56="-",0,0))) -> 0 | M56: 2 | N56: =MAX(D56:H56)+3 -> 18 | O56: 0 | P56: =IF(M56="-","-",M56-L56+O56) -> 2
B57: Überreden | C57: =_xlfn.XLOOKUP(B57,Talente!A:A,Talente!C:C) -> Mut | D57: =_xlfn.XLOOKUP(C57,Eigenschaften!$B$20:$B$27,Eigenschaften!$H$20:$H$27,"NaN",1) -> 13 | E57: =_xlfn.XLOOKUP(B57,Talente!A:A,Talente!D:D) -> Intuition | F57: =_xlfn.XLOOKUP(E57,Eigenschaften!$B$20:$B$27,Eigenschaften!$H$20:$H$27,"NaN",1) -> 15 | G57: =_xlfn.XLOOKUP(B57,Talente!A:A,Talente!E:E) -> Charisma | H57: =_xlfn.XLOOKUP(G57,Eigenschaften!$B$20:$B$27,Eigenschaften!$H$20:$H$27,"NaN",1) -> 15 | I57: =C57&": "&D57&" | "&E57&": "&F57&" | "&G57&": "&H57 -> Mut: 13 | Intuition: 15 | Charisma: 15 | J57: =_xlfn.XLOOKUP(B57,Talente!A:A,Talente!F:F) -> B | K57: =_xlfn.XLOOKUP(B57,Talente!A:A,Talente!G:G) -> - | L57: =IF(NOT(ISERROR(FIND("x",K57))),RIGHT(K57,1)*$H$2,IF(K57<0,IF(($H$2+K57)>0,$H$2+K57,0),IF(K57="-",0,0))) -> 0 | M57: 6 | N57: =MAX(D57:H57)+3 -> 18 | O57: 0 | P57: =IF(M57="-","-",M57-L57+O57) -> 6
B58: Überzeugen | C58: =_xlfn.XLOOKUP(B58,Talente!A:A,Talente!C:C) -> Klugheit | D58: =_xlfn.XLOOKUP(C58,Eigenschaften!$B$20:$B$27,Eigenschaften!$H$20:$H$27,"NaN",1) -> 12 | E58: =_xlfn.XLOOKUP(B58,Talente!A:A,Talente!D:D) -> Intuition | F58: =_xlfn.XLOOKUP(E58,Eigenschaften!$B$20:$B$27,Eigenschaften!$H$20:$H$27,"NaN",1) -> 15 | G58: =_xlfn.XLOOKUP(B58,Talente!A:A,Talente!E:E) -> Charisma | H58: =_xlfn.XLOOKUP(G58,Eigenschaften!$B$20:$B$27,Eigenschaften!$H$20:$H$27,"NaN",1) -> 15 | I58: =C58&": "&D58&" | "&E58&": "&F58&" | "&G58&": "&H58 -> Klugheit: 12 | Intuition: 15 | Charisma: 15 | J58: =_xlfn.XLOOKUP(B58,Talente!A:A,Talente!F:F) -> B | K58: =_xlfn.XLOOKUP(B58,Talente!A:A,Talente!G:G) -> - | L58: =IF(NOT(ISERROR(FIND("x",K58))),RIGHT(K58,1)*$H$2,IF(K58<0,IF(($H$2+K58)>0,$H$2+K58,0),IF(K58="-",0,0))) -> 0 | M58: 3 | N58: =MAX(D58:H58)+3 -> 18 | O58: 0 | P58: =IF(M58="-","-",M58-L58+O58) -> 3
B60: Natur Talente | C60: Eigenschaft 1 | D60: Eigenschaft 1 | E60: Eigenschaft 2 | F60: Eigenschaft 2 | G60: Eigenschaft 3 | H60: Eigenschaft 3 | I60: =I48 -> Eigenschaften | J60: =J48 -> Kompl. | K60: =K48 -> BE | L60: =L48 -> eBE | M60: =M48 -> TaW | N60: =N48 -> max. TaW | O60: =O48 -> Mod | P60: =P48 -> TaW | ... R60: =R48 -> Spezialisierung | S60: =S3 -> Sonderfertigkeiten
B61: Fährtensuchen | C61: =_xlfn.XLOOKUP(B61,Talente!A:A,Talente!C:C) -> Klugheit | D61: =_xlfn.XLOOKUP(C61,Eigenschaften!$B$20:$B$27,Eigenschaften!$H$20:$H$27,"NaN",1) -> 12 | E61: =_xlfn.XLOOKUP(B61,Talente!A:A,Talente!D:D) -> Intuition | F61: =_xlfn.XLOOKUP(E61,Eigenschaften!$B$20:$B$27,Eigenschaften!$H$20:$H$27,"NaN",1) -> 15 | G61: =_xlfn.XLOOKUP(B61,Talente!A:A,Talente!E:E) -> Charisma | H61: =_xlfn.XLOOKUP(G61,Eigenschaften!$B$20:$B$27,Eigenschaften!$H$20:$H$27,"NaN",1) -> 15 | I61: =C61&": "&D61&" | "&E61&": "&F61&" | "&G61&": "&H61 -> Klugheit: 12 | Intuition: 15 | Charisma: 15 | J61: =_xlfn.XLOOKUP(B61,Talente!A:A,Talente!F:F) -> B | K61: =_xlfn.XLOOKUP(B61,Talente!A:A,Talente!G:G) -> - | L61: =IF(NOT(ISERROR(FIND("x",K61))),RIGHT(K61,1)*$H$2,IF(K61<0,IF(($H$2+K61)>0,$H$2+K61,0),IF(K61="-",0,0))) -> 0 | M61: 4 | N61: =MAX(D61:H61)+3 -> 18 | O61: 0 | P61: =IF(M61="-","-",M61-L61+O61) -> 4
B62: Fallenstellen | C62: =_xlfn.XLOOKUP(B62,Talente!A:A,Talente!C:C) -> Klugheit | D62: =_xlfn.XLOOKUP(C62,Eigenschaften!$B$20:$B$27,Eigenschaften!$H$20:$H$27,"NaN",1) -> 12 | E62: =_xlfn.XLOOKUP(B62,Talente!A:A,Talente!D:D) -> Fingerfertigkeit | F62: =_xlfn.XLOOKUP(E62,Eigenschaften!$B$20:$B$27,Eigenschaften!$H$20:$H$27,"NaN",1) -> 10 | G62: =_xlfn.XLOOKUP(B62,Talente!A:A,Talente!E:E) -> Körperkraft | H62: =_xlfn.XLOOKUP(G62,Eigenschaften!$B$20:$B$27,Eigenschaften!$H$20:$H$27,"NaN",1) -> 12 | I62: =C62&": "&D62&" | "&E62&": "&F62&" | "&G62&": "&H62 -> Klugheit: 12 | Fingerfertigkeit: 10 | Körperkraft: 12 | J62: =_xlfn.XLOOKUP(B62,Talente!A:A,Talente!F:F) -> B | K62: =_xlfn.XLOOKUP(B62,Talente!A:A,Talente!G:G) -> - | L62: =IF(NOT(ISERROR(FIND("x",K62))),RIGHT(K62,1)*$H$2,IF(K62<0,IF(($H$2+K62)>0,$H$2+K62,0),IF(K62="-",0,0))) -> 0 | N62: =MAX(D62:H62)+3 -> 15 | O62: 0 | P62: =IF(M62="-","-",M62-L62+O62) -> 0
B63: Fesseln/Entfesseln | C63: =_xlfn.XLOOKUP(B63,Talente!A:A,Talente!C:C) -> Fingerfertigkeit | D63: =_xlfn.XLOOKUP(C63,Eigenschaften!$B$20:$B$27,Eigenschaften!$H$20:$H$27,"NaN",1) -> 10 | E63: =_xlfn.XLOOKUP(B63,Talente!A:A,Talente!D:D) -> Gewandheit | F63: =_xlfn.XLOOKUP(E63,Eigenschaften!$B$20:$B$27,Eigenschaften!$H$20:$H$27,"NaN",1) -> 14 | G63: =_xlfn.XLOOKUP(B63,Talente!A:A,Talente!E:E) -> Körperkraft | H63: =_xlfn.XLOOKUP(G63,Eigenschaften!$B$20:$B$27,Eigenschaften!$H$20:$H$27,"NaN",1) -> 12 | I63: =C63&": "&D63&" | "&E63&": "&F63&" | "&G63&": "&H63 -> Fingerfertigkeit: 10 | Gewandheit: 14 | Körperkraft: 12 | J63: =_xlfn.XLOOKUP(B63,Talente!A:A,Talente!F:F) -> B | K63: =_xlfn.XLOOKUP(B63,Talente!A:A,Talente!G:G) -> - | L63: =IF(NOT(ISERROR(FIND("x",K63))),RIGHT(K63,1)*$H$2,IF(K63<0,IF(($H$2+K63)>0,$H$2+K63,0),IF(K63="-",0,0))) -> 0 | M63: 2 | N63: =MAX(D63:H63)+3 -> 17 | O63: 0 | P63: =IF(M63="-","-",M63-L63+O63) -> 2
B64: Orientierung | C64: =_xlfn.XLOOKUP(B64,Talente!A:A,Talente!C:C) -> Klugheit | D64: =_xlfn.XLOOKUP(C64,Eigenschaften!$B$20:$B$27,Eigenschaften!$H$20:$H$27,"NaN",1) -> 12 | E64: =_xlfn.XLOOKUP(B64,Talente!A:A,Talente!D:D) -> Intuition | F64: =_xlfn.XLOOKUP(E64,Eigenschaften!$B$20:$B$27,Eigenschaften!$H$20:$H$27,"NaN",1) -> 15 | G64: =_xlfn.XLOOKUP(B64,Talente!A:A,Talente!E:E) -> Intuition | H64: =_xlfn.XLOOKUP(G64,Eigenschaften!$B$20:$B$27,Eigenschaften!$H$20:$H$27,"NaN",1) -> 15 | I64: =C64&": "&D64&" | "&E64&": "&F64&" | "&G64&": "&H64 -> Klugheit: 12 | Intuition: 15 | Intuition: 15 | J64: =_xlfn.XLOOKUP(B64,Talente!A:A,Talente!F:F) -> B | K64: =_xlfn.XLOOKUP(B64,Talente!A:A,Talente!G:G) -> - | L64: =IF(NOT(ISERROR(FIND("x",K64))),RIGHT(K64,1)*$H$2,IF(K64<0,IF(($H$2+K64)>0,$H$2+K64,0),IF(K64="-",0,0))) -> 0 | M64: 7 | N64: =MAX(D64:H64)+3 -> 18 | O64: 0 | P64: =IF(M64="-","-",M64-L64+O64) -> 7
B65: Wildnisleben | C65: =_xlfn.XLOOKUP(B65,Talente!A:A,Talente!C:C) -> Intuition | D65: =_xlfn.XLOOKUP(C65,Eigenschaften!$B$20:$B$27,Eigenschaften!$H$20:$H$27,"NaN",1) -> 15 | E65: =_xlfn.XLOOKUP(B65,Talente!A:A,Talente!D:D) -> Gewandheit | F65: =_xlfn.XLOOKUP(E65,Eigenschaften!$B$20:$B$27,Eigenschaften!$H$20:$H$27,"NaN",1) -> 14 | G65: =_xlfn.XLOOKUP(B65,Talente!A:A,Talente!E:E) -> Konstitution | H65: =_xlfn.XLOOKUP(G65,Eigenschaften!$B$20:$B$27,Eigenschaften!$H$20:$H$27,"NaN",1) -> 12 | I65: =C65&": "&D65&" | "&E65&": "&F65&" | "&G65&": "&H65 -> Intuition: 15 | Gewandheit: 14 | Konstitution: 12 | J65: =_xlfn.XLOOKUP(B65,Talente!A:A,Talente!F:F) -> B | K65: =_xlfn.XLOOKUP(B65,Talente!A:A,Talente!G:G) -> - | L65: =IF(NOT(ISERROR(FIND("x",K65))),RIGHT(K65,1)*$H$2,IF(K65<0,IF(($H$2+K65)>0,$H$2+K65,0),IF(K65="-",0,0))) -> 0 | M65: 6 | N65: =MAX(D65:H65)+3 -> 18 | O65: 0 | P65: =IF(M65="-","-",M65-L65+O65) -> 6
B66: Fischen/Angeln | C66: =_xlfn.XLOOKUP(B66,Talente!A:A,Talente!C:C) -> Intuition | D66: =_xlfn.XLOOKUP(C66,Eigenschaften!$B$20:$B$27,Eigenschaften!$H$20:$H$27,"NaN",1) -> 15 | E66: =_xlfn.XLOOKUP(B66,Talente!A:A,Talente!D:D) -> Fingerfertigkeit | F66: =_xlfn.XLOOKUP(E66,Eigenschaften!$B$20:$B$27,Eigenschaften!$H$20:$H$27,"NaN",1) -> 10 | G66: =_xlfn.XLOOKUP(B66,Talente!A:A,Talente!E:E) -> Körperkraft | H66: =_xlfn.XLOOKUP(G66,Eigenschaften!$B$20:$B$27,Eigenschaften!$H$20:$H$27,"NaN",1) -> 12 | I66: =C66&": "&D66&" | "&E66&": "&F66&" | "&G66&": "&H66 -> Intuition: 15 | Fingerfertigkeit: 10 | Körperkraft: 12 | J66: =_xlfn.XLOOKUP(B66,Talente!A:A,Talente!F:F) -> B | K66: =_xlfn.XLOOKUP(B66,Talente!A:A,Talente!G:G) -> - | L66: =IF(NOT(ISERROR(FIND("x",K66))),RIGHT(K66,1)*$H$2,IF(K66<0,IF(($H$2+K66)>0,$H$2+K66,0),IF(K66="-",0,0))) -> 0 | M66: 2 | N66: =MAX(D66:H66)+3 -> 18 | O66: 0 | P66: =IF(M66="-","-",M66-L66+O66) -> 2
B67: Wettervorhersage | C67: =_xlfn.XLOOKUP(B67,Talente!A:A,Talente!C:C) -> Klugheit | D67: =_xlfn.XLOOKUP(C67,Eigenschaften!$B$20:$B$27,Eigenschaften!$H$20:$H$27,"NaN",1) -> 12 | E67: =_xlfn.XLOOKUP(B67,Talente!A:A,Talente!D:D) -> Intuition | F67: =_xlfn.XLOOKUP(E67,Eigenschaften!$B$20:$B$27,Eigenschaften!$H$20:$H$27,"NaN",1) -> 15 | G67: =_xlfn.XLOOKUP(B67,Talente!A:A,Talente!E:E) -> Intuition | H67: =_xlfn.XLOOKUP(G67,Eigenschaften!$B$20:$B$27,Eigenschaften!$H$20:$H$27,"NaN",1) -> 15 | I67: =C67&": "&D67&" | "&E67&": "&F67&" | "&G67&": "&H67 -> Klugheit: 12 | Intuition: 15 | Intuition: 15 | J67: =_xlfn.XLOOKUP(B67,Talente!A:A,Talente!F:F) -> B | K67: =_xlfn.XLOOKUP(B67,Talente!A:A,Talente!G:G) -> - | L67: =IF(NOT(ISERROR(FIND("x",K67))),RIGHT(K67,1)*$H$2,IF(K67<0,IF(($H$2+K67)>0,$H$2+K67,0),IF(K67="-",0,0))) -> 0 | M67: 5 | N67: =MAX(D67:H67)+3 -> 18 | O67: 0 | P67: =IF(M67="-","-",M67-L67+O67) -> 5
B69: Handwerkliche Talente | C69: Eigenschaft 1 | D69: Eigenschaft 1 | E69: Eigenschaft 2 | F69: Eigenschaft 2 | G69: Eigenschaft 3 | H69: Eigenschaft 3 | I69: =I60 -> Eigenschaften | J69: =J60 -> Kompl. | K69: =K60 -> BE | L69: =L60 -> eBE | M69: =M60 -> TaW | N69: =N60 -> max. TaW | O69: =O60 -> Mod | P69: =P60 -> TaW | ... R69: =R60 -> Spezialisierung | S69: =S3 -> Sonderfertigkeiten
B70: Abrichten | C70: =_xlfn.XLOOKUP(B70,Talente!A:A,Talente!C:C) -> Mut | D70: =_xlfn.XLOOKUP(C70,Eigenschaften!$B$20:$B$27,Eigenschaften!$H$20:$H$27,"NaN",1) -> 13 | E70: =_xlfn.XLOOKUP(B70,Talente!A:A,Talente!D:D) -> Intuition | F70: =_xlfn.XLOOKUP(E70,Eigenschaften!$B$20:$B$27,Eigenschaften!$H$20:$H$27,"NaN",1) -> 15 | G70: =_xlfn.XLOOKUP(B70,Talente!A:A,Talente!E:E) -> Charisma | H70: =_xlfn.XLOOKUP(G70,Eigenschaften!$B$20:$B$27,Eigenschaften!$H$20:$H$27,"NaN",1) -> 15 | I70: =C70&": "&D70&" | "&E70&": "&F70&" | "&G70&": "&H70 -> Mut: 13 | Intuition: 15 | Charisma: 15 | J70: =_xlfn.XLOOKUP(B70,Talente!A:A,Talente!F:F) -> B | K70: =_xlfn.XLOOKUP(B70,Talente!A:A,Talente!G:G) -> - | L70: =IF(NOT(ISERROR(FIND("x",K70))),RIGHT(K70,1)*$H$2,IF(K70<0,IF(($H$2+K70)>0,$H$2+K70,0),IF(K70="-",0,0))) -> 0 | M70: 3 | N70: =MAX(D70:H70)+3 -> 18 | O70: 0 | P70: =IF(M70="-","-",M70-L70+O70) -> 3
B71: Ackerbau | C71: =_xlfn.XLOOKUP(B71,Talente!A:A,Talente!C:C) -> Intuition | D71: =_xlfn.XLOOKUP(C71,Eigenschaften!$B$20:$B$27,Eigenschaften!$H$20:$H$27,"NaN",1) -> 15 | E71: =_xlfn.XLOOKUP(B71,Talente!A:A,Talente!D:D) -> Fingerfertigkeit | F71: =_xlfn.XLOOKUP(E71,Eigenschaften!$B$20:$B$27,Eigenschaften!$H$20:$H$27,"NaN",1) -> 10 | G71: =_xlfn.XLOOKUP(B71,Talente!A:A,Talente!E:E) -> Konstitution | H71: =_xlfn.XLOOKUP(G71,Eigenschaften!$B$20:$B$27,Eigenschaften!$H$20:$H$27,"NaN",1) -> 12 | I71: =C71&": "&D71&" | "&E71&": "&F71&" | "&G71&": "&H71 -> Intuition: 15 | Fingerfertigkeit: 10 | Konstitution: 12 | J71: =_xlfn.XLOOKUP(B71,Talente!A:A,Talente!F:F) -> B | K71: =_xlfn.XLOOKUP(B71,Talente!A:A,Talente!G:G) -> - | L71: =IF(NOT(ISERROR(FIND("x",K71))),RIGHT(K71,1)*$H$2,IF(K71<0,IF(($H$2+K71)>0,$H$2+K71,0),IF(K71="-",0,0))) -> 0 | M71: 1 | N71: =MAX(D71:H71)+3 -> 18 | O71: 0 | P71: =IF(M71="-","-",M71-L71+O71) -> 1
B72: Alchemie | C72: =_xlfn.XLOOKUP(B72,Talente!A:A,Talente!C:C) -> Mut | D72: =_xlfn.XLOOKUP(C72,Eigenschaften!$B$20:$B$27,Eigenschaften!$H$20:$H$27,"NaN",1) -> 13 | E72: =_xlfn.XLOOKUP(B72,Talente!A:A,Talente!D:D) -> Klugheit | F72: =_xlfn.XLOOKUP(E72,Eigenschaften!$B$20:$B$27,Eigenschaften!$H$20:$H$27,"NaN",1) -> 12 | G72: =_xlfn.XLOOKUP(B72,Talente!A:A,Talente!E:E) -> Fingerfertigkeit | H72: =_xlfn.XLOOKUP(G72,Eigenschaften!$B$20:$B$27,Eigenschaften!$H$20:$H$27,"NaN",1) -> 10 | I72: =C72&": "&D72&" | "&E72&": "&F72&" | "&G72&": "&H72 -> Mut: 13 | Klugheit: 12 | Fingerfertigkeit: 10 | J72: A | K72: =_xlfn.XLOOKUP(B72,Talente!A:A,Talente!G:G) -> - | L72: =IF(NOT(ISERROR(FIND("x",K72))),RIGHT(K72,1)*$H$2,IF(K72<0,IF(($H$2+K72)>0,$H$2+K72,0),IF(K72="-",0,0))) -> 0 | M72: 10 | N72: =MAX(D72:H72)+3 -> 16 | O72: 0 | P72: =IF(M72="-","-",M72-L72+O72) -> 10
B73: Bergbau | C73: =_xlfn.XLOOKUP(B73,Talente!A:A,Talente!C:C) -> Intuition | D73: =_xlfn.XLOOKUP(C73,Eigenschaften!$B$20:$B$27,Eigenschaften!$H$20:$H$27,"NaN",1) -> 15 | E73: =_xlfn.XLOOKUP(B73,Talente!A:A,Talente!D:D) -> Konstitution | F73: =_xlfn.XLOOKUP(E73,Eigenschaften!$B$20:$B$27,Eigenschaften!$H$20:$H$27,"NaN",1) -> 12 | G73: =_xlfn.XLOOKUP(B73,Talente!A:A,Talente!E:E) -> Körperkraft | H73: =_xlfn.XLOOKUP(G73,Eigenschaften!$B$20:$B$27,Eigenschaften!$H$20:$H$27,"NaN",1) -> 12 | I73: =C73&": "&D73&" | "&E73&": "&F73&" | "&G73&": "&H73 -> Intuition: 15 | Konstitution: 12 | Körperkraft: 12 | J73: =_xlfn.XLOOKUP(B73,Talente!A:A,Talente!F:F) -> B | K73: =_xlfn.XLOOKUP(B73,Talente!A:A,Talente!G:G) -> - | L73: =IF(NOT(ISERROR(FIND("x",K73))),RIGHT(K73,1)*$H$2,IF(K73<0,IF(($H$2+K73)>0,$H$2+K73,0),IF(K73="-",0,0))) -> 0 | N73: =MAX(D73:H73)+3 -> 18 | O73: 0 | P73: =IF(M73="-","-",M73-L73+O73) -> 0
B74: Bogenbau | C74: =_xlfn.XLOOKUP(B74,Talente!A:A,Talente!C:C) -> Klugheit | D74: =_xlfn.XLOOKUP(C74,Eigenschaften!$B$20:$B$27,Eigenschaften!$H$20:$H$27,"NaN",1) -> 12 | E74: =_xlfn.XLOOKUP(B74,Talente!A:A,Talente!D:D) -> Intuition | F74: =_xlfn.XLOOKUP(E74,Eigenschaften!$B$20:$B$27,Eigenschaften!$H$20:$H$27,"NaN",1) -> 15 | G74: =_xlfn.XLOOKUP(B74,Talente!A:A,Talente!E:E) -> Fingerfertigkeit | H74: =_xlfn.XLOOKUP(G74,Eigenschaften!$B$20:$B$27,Eigenschaften!$H$20:$H$27,"NaN",1) -> 10 | I74: =C74&": "&D74&" | "&E74&": "&F74&" | "&G74&": "&H74 -> Klugheit: 12 | Intuition: 15 | Fingerfertigkeit: 10 | J74: =_xlfn.XLOOKUP(B74,Talente!A:A,Talente!F:F) -> B | K74: =_xlfn.XLOOKUP(B74,Talente!A:A,Talente!G:G) -> - | L74: =IF(NOT(ISERROR(FIND("x",K74))),RIGHT(K74,1)*$H$2,IF(K74<0,IF(($H$2+K74)>0,$H$2+K74,0),IF(K74="-",0,0))) -> 0 | N74: =MAX(D74:H74)+3 -> 18 | O74: 0 | P74: =IF(M74="-","-",M74-L74+O74) -> 0
B75: Boote Fahren | C75: =_xlfn.XLOOKUP(B75,Talente!A:A,Talente!C:C) -> Gewandheit | D75: =_xlfn.XLOOKUP(C75,Eigenschaften!$B$20:$B$27,Eigenschaften!$H$20:$H$27,"NaN",1) -> 14 | E75: =_xlfn.XLOOKUP(B75,Talente!A:A,Talente!D:D) -> Konstitution | F75: =_xlfn.XLOOKUP(E75,Eigenschaften!$B$20:$B$27,Eigenschaften!$H$20:$H$27,"NaN",1) -> 12 | G75: =_xlfn.XLOOKUP(B75,Talente!A:A,Talente!E:E) -> Körperkraft | H75: =_xlfn.XLOOKUP(G75,Eigenschaften!$B$20:$B$27,Eigenschaften!$H$20:$H$27,"NaN",1) -> 12 | I75: =C75&": "&D75&" | "&E75&": "&F75&" | "&G75&": "&H75 -> Gewandheit: 14 | Konstitution: 12 | Körperkraft: 12 | J75: =_xlfn.XLOOKUP(B75,Talente!A:A,Talente!F:F) -> B | K75: =_xlfn.XLOOKUP(B75,Talente!A:A,Talente!G:G) -> - | L75: =IF(NOT(ISERROR(FIND("x",K75))),RIGHT(K75,1)*$H$2,IF(K75<0,IF(($H$2+K75)>0,$H$2+K75,0),IF(K75="-",0,0))) -> 0 | N75: =MAX(D75:H75)+3 -> 17 | O75: 0 | P75: =IF(M75="-","-",M75-L75+O75) -> 0
B76: Brauer | C76: =_xlfn.XLOOKUP(B76,Talente!A:A,Talente!C:C) -> Klugheit | D76: =_xlfn.XLOOKUP(C76,Eigenschaften!$B$20:$B$27,Eigenschaften!$H$20:$H$27,"NaN",1) -> 12 | E76: =_xlfn.XLOOKUP(B76,Talente!A:A,Talente!D:D) -> Fingerfertigkeit | F76: =_xlfn.XLOOKUP(E76,Eigenschaften!$B$20:$B$27,Eigenschaften!$H$20:$H$27,"NaN",1) -> 10 | G76: =_xlfn.XLOOKUP(B76,Talente!A:A,Talente!E:E) -> Körperkraft | H76: =_xlfn.XLOOKUP(G76,Eigenschaften!$B$20:$B$27,Eigenschaften!$H$20:$H$27,"NaN",1) -> 12 | I76: =C76&": "&D76&" | "&E76&": "&F76&" | "&G76&": "&H76 -> Klugheit: 12 | Fingerfertigkeit: 10 | Körperkraft: 12 | J76: =_xlfn.XLOOKUP(B76,Talente!A:A,Talente!F:F) -> B | K76: =_xlfn.XLOOKUP(B76,Talente!A:A,Talente!G:G) -> - | L76: =IF(NOT(ISERROR(FIND("x",K76))),RIGHT(K76,1)*$H$2,IF(K76<0,IF(($H$2+K76)>0,$H$2+K76,0),IF(K76="-",0,0))) -> 0 | N76: =MAX(D76:H76)+3 -> 15 | O76: 0 | P76: =IF(M76="-","-",M76-L76+O76) -> 0
B77: Drucker | C77: =_xlfn.XLOOKUP(B77,Talente!A:A,Talente!C:C) -> Klugheit | D77: =_xlfn.XLOOKUP(C77,Eigenschaften!$B$20:$B$27,Eigenschaften!$H$20:$H$27,"NaN",1) -> 12 | E77: =_xlfn.XLOOKUP(B77,Talente!A:A,Talente!D:D) -> Fingerfertigkeit | F77: =_xlfn.XLOOKUP(E77,Eigenschaften!$B$20:$B$27,Eigenschaften!$H$20:$H$27,"NaN",1) -> 10 | G77: =_xlfn.XLOOKUP(B77,Talente!A:A,Talente!E:E) -> Körperkraft | H77: =_xlfn.XLOOKUP(G77,Eigenschaften!$B$20:$B$27,Eigenschaften!$H$20:$H$27,"NaN",1) -> 12 | I77: =C77&": "&D77&" | "&E77&": "&F77&" | "&G77&": "&H77 -> Klugheit: 12 | Fingerfertigkeit: 10 | Körperkraft: 12 | J77: =_xlfn.XLOOKUP(B77,Talente!A:A,Talente!F:F) -> B | K77: =_xlfn.XLOOKUP(B77,Talente!A:A,Talente!G:G) -> - | L77: =IF(NOT(ISERROR(FIND("x",K77))),RIGHT(K77,1)*$H$2,IF(K77<0,IF(($H$2+K77)>0,$H$2+K77,0),IF(K77="-",0,0))) -> 0 | N77: =MAX(D77:H77)+3 -> 15 | O77: 0 | P77: =IF(M77="-","-",M77-L77+O77) -> 0
B78: Fahrzeug Lenken | C78: =_xlfn.XLOOKUP(B78,Talente!A:A,Talente!C:C) -> Intuition | D78: =_xlfn.XLOOKUP(C78,Eigenschaften!$B$20:$B$27,Eigenschaften!$H$20:$H$27,"NaN",1) -> 15 | E78: =_xlfn.XLOOKUP(B78,Talente!A:A,Talente!D:D) -> Charisma | F78: =_xlfn.XLOOKUP(E78,Eigenschaften!$B$20:$B$27,Eigenschaften!$H$20:$H$27,"NaN",1) -> 15 | G78: =_xlfn.XLOOKUP(B78,Talente!A:A,Talente!E:E) -> Fingerfertigkeit | H78: =_xlfn.XLOOKUP(G78,Eigenschaften!$B$20:$B$27,Eigenschaften!$H$20:$H$27,"NaN",1) -> 10 | I78: =C78&": "&D78&" | "&E78&": "&F78&" | "&G78&": "&H78 -> Intuition: 15 | Charisma: 15 | Fingerfertigkeit: 10 | J78: =_xlfn.XLOOKUP(B78,Talente!A:A,Talente!F:F) -> B | K78: =_xlfn.XLOOKUP(B78,Talente!A:A,Talente!G:G) -> - | L78: =IF(NOT(ISERROR(FIND("x",K78))),RIGHT(K78,1)*$H$2,IF(K78<0,IF(($H$2+K78)>0,$H$2+K78,0),IF(K78="-",0,0))) -> 0 | N78: =MAX(D78:H78)+3 -> 18 | O78: 0 | P78: =IF(M78="-","-",M78-L78+O78) -> 0
B79: Falschspiel | C79: =_xlfn.XLOOKUP(B79,Talente!A:A,Talente!C:C) -> Mut | D79: =_xlfn.XLOOKUP(C79,Eigenschaften!$B$20:$B$27,Eigenschaften!$H$20:$H$27,"NaN",1) -> 13 | E79: =_xlfn.XLOOKUP(B79,Talente!A:A,Talente!D:D) -> Charisma | F79: =_xlfn.XLOOKUP(E79,Eigenschaften!$B$20:$B$27,Eigenschaften!$H$20:$H$27,"NaN",1) -> 15 | G79: =_xlfn.XLOOKUP(B79,Talente!A:A,Talente!E:E) -> Fingerfertigkeit | H79: =_xlfn.XLOOKUP(G79,Eigenschaften!$B$20:$B$27,Eigenschaften!$H$20:$H$27,"NaN",1) -> 10 | I79: =C79&": "&D79&" | "&E79&": "&F79&" | "&G79&": "&H79 -> Mut: 13 | Charisma: 15 | Fingerfertigkeit: 10 | J79: =_xlfn.XLOOKUP(B79,Talente!A:A,Talente!F:F) -> B | K79: =_xlfn.XLOOKUP(B79,Talente!A:A,Talente!G:G) -> - | L79: =IF(NOT(ISERROR(FIND("x",K79))),RIGHT(K79,1)*$H$2,IF(K79<0,IF(($H$2+K79)>0,$H$2+K79,0),IF(K79="-",0,0))) -> 0 | N79: =MAX(D79:H79)+3 -> 18 | O79: 0 | P79: =IF(M79="-","-",M79-L79+O79) -> 0
B80: Feinmechanik | C80: =_xlfn.XLOOKUP(B80,Talente!A:A,Talente!C:C) -> Klugheit | D80: =_xlfn.XLOOKUP(C80,Eigenschaften!$B$20:$B$27,Eigenschaften!$H$20:$H$27,"NaN",1) -> 12 | E80: =_xlfn.XLOOKUP(B80,Talente!A:A,Talente!D:D) -> Fingerfertigkeit | F80: =_xlfn.XLOOKUP(E80,Eigenschaften!$B$20:$B$27,Eigenschaften!$H$20:$H$27,"NaN",1) -> 10 | G80: =_xlfn.XLOOKUP(B80,Talente!A:A,Talente!E:E) -> Fingerfertigkeit | H80: =_xlfn.XLOOKUP(G80,Eigenschaften!$B$20:$B$27,Eigenschaften!$H$20:$H$27,"NaN",1) -> 10 | I80: =C80&": "&D80&" | "&E80&": "&F80&" | "&G80&": "&H80 -> Klugheit: 12 | Fingerfertigkeit: 10 | Fingerfertigkeit: 10 | J80: =_xlfn.XLOOKUP(B80,Talente!A:A,Talente!F:F) -> B | K80: =_xlfn.XLOOKUP(B80,Talente!A:A,Talente!G:G) -> - | L80: =IF(NOT(ISERROR(FIND("x",K80))),RIGHT(K80,1)*$H$2,IF(K80<0,IF(($H$2+K80)>0,$H$2+K80,0),IF(K80="-",0,0))) -> 0 | N80: =MAX(D80:H80)+3 -> 15 | O80: 0 | P80: =IF(M80="-","-",M80-L80+O80) -> 0
B81: Feuersteinbearbeitung | C81: =_xlfn.XLOOKUP(B81,Talente!A:A,Talente!C:C) -> Klugheit | D81: =_xlfn.XLOOKUP(C81,Eigenschaften!$B$20:$B$27,Eigenschaften!$H$20:$H$27,"NaN",1) -> 12 | E81: =_xlfn.XLOOKUP(B81,Talente!A:A,Talente!D:D) -> Fingerfertigkeit | F81: =_xlfn.XLOOKUP(E81,Eigenschaften!$B$20:$B$27,Eigenschaften!$H$20:$H$27,"NaN",1) -> 10 | G81: =_xlfn.XLOOKUP(B81,Talente!A:A,Talente!E:E) -> Fingerfertigkeit | H81: =_xlfn.XLOOKUP(G81,Eigenschaften!$B$20:$B$27,Eigenschaften!$H$20:$H$27,"NaN",1) -> 10 | I81: =C81&": "&D81&" | "&E81&": "&F81&" | "&G81&": "&H81 -> Klugheit: 12 | Fingerfertigkeit: 10 | Fingerfertigkeit: 10 | J81: =_xlfn.XLOOKUP(B81,Talente!A:A,Talente!F:F) -> B | K81: =_xlfn.XLOOKUP(B81,Talente!A:A,Talente!G:G) -> - | L81: =IF(NOT(ISERROR(FIND("x",K81))),RIGHT(K81,1)*$H$2,IF(K81<0,IF(($H$2+K81)>0,$H$2+K81,0),IF(K81="-",0,0))) -> 0 | N81: =MAX(D81:H81)+3 -> 15 | O81: 0 | P81: =IF(M81="-","-",M81-L81+O81) -> 0
B82: Fleischer | C82: =_xlfn.XLOOKUP(B82,Talente!A:A,Talente!C:C) -> Klugheit | D82: =_xlfn.XLOOKUP(C82,Eigenschaften!$B$20:$B$27,Eigenschaften!$H$20:$H$27,"NaN",1) -> 12 | E82: =_xlfn.XLOOKUP(B82,Talente!A:A,Talente!D:D) -> Fingerfertigkeit | F82: =_xlfn.XLOOKUP(E82,Eigenschaften!$B$20:$B$27,Eigenschaften!$H$20:$H$27,"NaN",1) -> 10 | G82: =_xlfn.XLOOKUP(B82,Talente!A:A,Talente!E:E) -> Körperkraft | H82: =_xlfn.XLOOKUP(G82,Eigenschaften!$B$20:$B$27,Eigenschaften!$H$20:$H$27,"NaN",1) -> 12 | I82: =C82&": "&D82&" | "&E82&": "&F82&" | "&G82&": "&H82 -> Klugheit: 12 | Fingerfertigkeit: 10 | Körperkraft: 12 | J82: =_xlfn.XLOOKUP(B82,Talente!A:A,Talente!F:F) -> B | K82: =_xlfn.XLOOKUP(B82,Talente!A:A,Talente!G:G) -> - | L82: =IF(NOT(ISERROR(FIND("x",K82))),RIGHT(K82,1)*$H$2,IF(K82<0,IF(($H$2+K82)>0,$H$2+K82,0),IF(K82="-",0,0))) -> 0 | N82: =MAX(D82:H82)+3 -> 15 | O82: 0 | P82: =IF(M82="-","-",M82-L82+O82) -> 0
B83: Gerber/Kürschner | C83: =_xlfn.XLOOKUP(B83,Talente!A:A,Talente!C:C) -> Klugheit | D83: =_xlfn.XLOOKUP(C83,Eigenschaften!$B$20:$B$27,Eigenschaften!$H$20:$H$27,"NaN",1) -> 12 | E83: =_xlfn.XLOOKUP(B83,Talente!A:A,Talente!D:D) -> Fingerfertigkeit | F83: =_xlfn.XLOOKUP(E83,Eigenschaften!$B$20:$B$27,Eigenschaften!$H$20:$H$27,"NaN",1) -> 10 | G83: =_xlfn.XLOOKUP(B83,Talente!A:A,Talente!E:E) -> Konstitution | H83: =_xlfn.XLOOKUP(G83,Eigenschaften!$B$20:$B$27,Eigenschaften!$H$20:$H$27,"NaN",1) -> 12 | I83: =C83&": "&D83&" | "&E83&": "&F83&" | "&G83&": "&H83 -> Klugheit: 12 | Fingerfertigkeit: 10 | Konstitution: 12 | J83: =_xlfn.XLOOKUP(B83,Talente!A:A,Talente!F:F) -> B | K83: =_xlfn.XLOOKUP(B83,Talente!A:A,Talente!G:G) -> - | L83: =IF(NOT(ISERROR(FIND("x",K83))),RIGHT(K83,1)*$H$2,IF(K83<0,IF(($H$2+K83)>0,$H$2+K83,0),IF(K83="-",0,0))) -> 0 | N83: =MAX(D83:H83)+3 -> 15 | O83: 0 | P83: =IF(M83="-","-",M83-L83+O83) -> 0
B84: Glaskunst | C84: =_xlfn.XLOOKUP(B84,Talente!A:A,Talente!C:C) -> Klugheit | D84: =_xlfn.XLOOKUP(C84,Eigenschaften!$B$20:$B$27,Eigenschaften!$H$20:$H$27,"NaN",1) -> 12 | E84: =_xlfn.XLOOKUP(B84,Talente!A:A,Talente!D:D) -> Fingerfertigkeit | F84: =_xlfn.XLOOKUP(E84,Eigenschaften!$B$20:$B$27,Eigenschaften!$H$20:$H$27,"NaN",1) -> 10 | G84: =_xlfn.XLOOKUP(B84,Talente!A:A,Talente!E:E) -> Konstitution | H84: =_xlfn.XLOOKUP(G84,Eigenschaften!$B$20:$B$27,Eigenschaften!$H$20:$H$27,"NaN",1) -> 12 | I84: =C84&": "&D84&" | "&E84&": "&F84&" | "&G84&": "&H84 -> Klugheit: 12 | Fingerfertigkeit: 10 | Konstitution: 12 | J84: =_xlfn.XLOOKUP(B84,Talente!A:A,Talente!F:F) -> B | K84: =_xlfn.XLOOKUP(B84,Talente!A:A,Talente!G:G) -> - | L84: =IF(NOT(ISERROR(FIND("x",K84))),RIGHT(K84,1)*$H$2,IF(K84<0,IF(($H$2+K84)>0,$H$2+K84,0),IF(K84="-",0,0))) -> 0 | N84: =MAX(D84:H84)+3 -> 15 | O84: 0 | P84: =IF(M84="-","-",M84-L84+O84) -> 0
... B87: Hauswirtschaft | C87: =_xlfn.XLOOKUP(B87,Talente!A:A,Talente!C:C) -> Intuition | D87: =_xlfn.XLOOKUP(C87,Eigenschaften!$B$20:$B$27,Eigenschaften!$H$20:$H$27,"NaN",1) -> 15 | E87: =_xlfn.XLOOKUP(B87,Talente!A:A,Talente!D:D) -> Charisma | F87: =_xlfn.XLOOKUP(E87,Eigenschaften!$B$20:$B$27,Eigenschaften!$H$20:$H$27,"NaN",1) -> 15 | G87: =_xlfn.XLOOKUP(B87,Talente!A:A,Talente!E:E) -> Fingerfertigkeit | H87: =_xlfn.XLOOKUP(G87,Eigenschaften!$B$20:$B$27,Eigenschaften!$H$20:$H$27,"NaN",1) -> 10 | I87: =C87&": "&D87&" | "&E87&": "&F87&" | "&G87&": "&H87 -> Intuition: 15 | Charisma: 15 | Fingerfertigkeit: 10 | J87: =_xlfn.XLOOKUP(B87,Talente!A:A,Talente!F:F) -> B | K87: =_xlfn.XLOOKUP(B87,Talente!A:A,Talente!G:G) -> - | L87: =IF(NOT(ISERROR(FIND("x",K87))),RIGHT(K87,1)*$H$2,IF(K87<0,IF(($H$2+K87)>0,$H$2+K87,0),IF(K87="-",0,0))) -> 0 | N87: =MAX(D87:H87)+3 -> 18 | O87: 0 | P87: =IF(M87="-","-",M87-L87+O87) -> 0
B88: Heilkunde Gift | C88: =_xlfn.XLOOKUP(B88,Talente!A:A,Talente!C:C) -> Mut | D88: =_xlfn.XLOOKUP(C88,Eigenschaften!$B$20:$B$27,Eigenschaften!$H$20:$H$27,"NaN",1) -> 13 | E88: =_xlfn.XLOOKUP(B88,Talente!A:A,Talente!D:D) -> Klugheit | F88: =_xlfn.XLOOKUP(E88,Eigenschaften!$B$20:$B$27,Eigenschaften!$H$20:$H$27,"NaN",1) -> 12 | G88: =_xlfn.XLOOKUP(B88,Talente!A:A,Talente!E:E) -> Intuition | H88: =_xlfn.XLOOKUP(G88,Eigenschaften!$B$20:$B$27,Eigenschaften!$H$20:$H$27,"NaN",1) -> 15 | I88: =C88&": "&D88&" | "&E88&": "&F88&" | "&G88&": "&H88 -> Mut: 13 | Klugheit: 12 | Intuition: 15 | J88: =_xlfn.XLOOKUP(B88,Talente!A:A,Talente!F:F) -> B | K88: =_xlfn.XLOOKUP(B88,Talente!A:A,Talente!G:G) -> - | L88: =IF(NOT(ISERROR(FIND("x",K88))),RIGHT(K88,1)*$H$2,IF(K88<0,IF(($H$2+K88)>0,$H$2+K88,0),IF(K88="-",0,0))) -> 0 | M88: 2 | N88: =MAX(D88:H88)+3 -> 18 | O88: 0 | P88: =IF(M88="-","-",M88-L88+O88) -> 2
B89: Heilkunde Krankheiten | C89: =_xlfn.XLOOKUP(B89,Talente!A:A,Talente!C:C) -> Mut | D89: =_xlfn.XLOOKUP(C89,Eigenschaften!$B$20:$B$27,Eigenschaften!$H$20:$H$27,"NaN",1) -> 13 | E89: =_xlfn.XLOOKUP(B89,Talente!A:A,Talente!D:D) -> Klugheit | F89: =_xlfn.XLOOKUP(E89,Eigenschaften!$B$20:$B$27,Eigenschaften!$H$20:$H$27,"NaN",1) -> 12 | G89: =_xlfn.XLOOKUP(B89,Talente!A:A,Talente!E:E) -> Charisma | H89: =_xlfn.XLOOKUP(G89,Eigenschaften!$B$20:$B$27,Eigenschaften!$H$20:$H$27,"NaN",1) -> 15 | I89: =C89&": "&D89&" | "&E89&": "&F89&" | "&G89&": "&H89 -> Mut: 13 | Klugheit: 12 | Charisma: 15 | J89: =_xlfn.XLOOKUP(B89,Talente!A:A,Talente!F:F) -> B | K89: =_xlfn.XLOOKUP(B89,Talente!A:A,Talente!G:G) -> - | L89: =IF(NOT(ISERROR(FIND("x",K89))),RIGHT(K89,1)*$H$2,IF(K89<0,IF(($H$2+K89)>0,$H$2+K89,0),IF(K89="-",0,0))) -> 0 | M89: 3 | N89: =MAX(D89:H89)+3 -> 18 | O89: 0 | P89: =IF(M89="-","-",M89-L89+O89) -> 3
B90: Heilkunde Seele | C90: =_xlfn.XLOOKUP(B90,Talente!A:A,Talente!C:C) -> Intuition | D90: =_xlfn.XLOOKUP(C90,Eigenschaften!$B$20:$B$27,Eigenschaften!$H$20:$H$27,"NaN",1) -> 15 | E90: =_xlfn.XLOOKUP(B90,Talente!A:A,Talente!D:D) -> Charisma | F90: =_xlfn.XLOOKUP(E90,Eigenschaften!$B$20:$B$27,Eigenschaften!$H$20:$H$27,"NaN",1) -> 15 | G90: =_xlfn.XLOOKUP(B90,Talente!A:A,Talente!E:E) -> Charisma | H90: =_xlfn.XLOOKUP(G90,Eigenschaften!$B$20:$B$27,Eigenschaften!$H$20:$H$27,"NaN",1) -> 15 | I90: =C90&": "&D90&" | "&E90&": "&F90&" | "&G90&": "&H90 -> Intuition: 15 | Charisma: 15 | Charisma: 15 | J90: =_xlfn.XLOOKUP(B90,Talente!A:A,Talente!F:F) -> B | K90: =_xlfn.XLOOKUP(B90,Talente!A:A,Talente!G:G) -> - | L90: =IF(NOT(ISERROR(FIND("x",K90))),RIGHT(K90,1)*$H$2,IF(K90<0,IF(($H$2+K90)>0,$H$2+K90,0),IF(K90="-",0,0))) -> 0 | N90: =MAX(D90:H90)+3 -> 18 | O90: 0 | P90: =IF(M90="-","-",M90-L90+O90) -> 0
B91: Heilkunde Wunden | C91: =_xlfn.XLOOKUP(B91,Talente!A:A,Talente!C:C) -> Klugheit | D91: =_xlfn.XLOOKUP(C91,Eigenschaften!$B$20:$B$27,Eigenschaften!$H$20:$H$27,"NaN",1) -> 12 | E91: =_xlfn.XLOOKUP(B91,Talente!A:A,Talente!D:D) -> Intuition | F91: =_xlfn.XLOOKUP(E91,Eigenschaften!$B$20:$B$27,Eigenschaften!$H$20:$H$27,"NaN",1) -> 15 | G91: =_xlfn.XLOOKUP(B91,Talente!A:A,Talente!E:E) -> Charisma | H91: =_xlfn.XLOOKUP(G91,Eigenschaften!$B$20:$B$27,Eigenschaften!$H$20:$H$27,"NaN",1) -> 15 | I91: =C91&": "&D91&" | "&E91&": "&F91&" | "&G91&": "&H91 -> Klugheit: 12 | Intuition: 15 | Charisma: 15 | J91: =_xlfn.XLOOKUP(B91,Talente!A:A,Talente!F:F) -> B | K91: =_xlfn.XLOOKUP(B91,Talente!A:A,Talente!G:G) -> - | L91: =IF(NOT(ISERROR(FIND("x",K91))),RIGHT(K91,1)*$H$2,IF(K91<0,IF(($H$2+K91)>0,$H$2+K91,0),IF(K91="-",0,0))) -> 0 | M91: 7 | N91: =MAX(D91:H91)+3 -> 18 | O91: 0 | P91: =IF(M91="-","-",M91-L91+O91) -> 7
B92: Holzbearbeitung | C92: =_xlfn.XLOOKUP(B92,Talente!A:A,Talente!C:C) -> Klugheit | D92: =_xlfn.XLOOKUP(C92,Eigenschaften!$B$20:$B$27,Eigenschaften!$H$20:$H$27,"NaN",1) -> 12 | E92: =_xlfn.XLOOKUP(B92,Talente!A:A,Talente!D:D) -> Fingerfertigkeit | F92: =_xlfn.XLOOKUP(E92,Eigenschaften!$B$20:$B$27,Eigenschaften!$H$20:$H$27,"NaN",1) -> 10 | G92: =_xlfn.XLOOKUP(B92,Talente!A:A,Talente!E:E) -> Körperkraft | H92: =_xlfn.XLOOKUP(G92,Eigenschaften!$B$20:$B$27,Eigenschaften!$H$20:$H$27,"NaN",1) -> 12 | I92: =C92&": "&D92&" | "&E92&": "&F92&" | "&G92&": "&H92 -> Klugheit: 12 | Fingerfertigkeit: 10 | Körperkraft: 12 | J92: =_xlfn.XLOOKUP(B92,Talente!A:A,Talente!F:F) -> B | K92: =_xlfn.XLOOKUP(B92,Talente!A:A,Talente!G:G) -> - | L92: =IF(NOT(ISERROR(FIND("x",K92))),RIGHT(K92,1)*$H$2,IF(K92<0,IF(($H$2+K92)>0,$H$2+K92,0),IF(K92="-",0,0))) -> 0 | M92: 4 | N92: =MAX(D92:H92)+3 -> 15 | O92: 0 | P92: =IF(M92="-","-",M92-L92+O92) -> 4
B93: Instrumentenbauer | C93: =_xlfn.XLOOKUP(B93,Talente!A:A,Talente!C:C) -> Klugheit | D93: =_xlfn.XLOOKUP(C93,Eigenschaften!$B$20:$B$27,Eigenschaften!$H$20:$H$27,"NaN",1) -> 12 | E93: =_xlfn.XLOOKUP(B93,Talente!A:A,Talente!D:D) -> Intuition | F93: =_xlfn.XLOOKUP(E93,Eigenschaften!$B$20:$B$27,Eigenschaften!$H$20:$H$27,"NaN",1) -> 15 | G93: =_xlfn.XLOOKUP(B93,Talente!A:A,Talente!E:E) -> Fingerfertigkeit | H93: =_xlfn.XLOOKUP(G93,Eigenschaften!$B$20:$B$27,Eigenschaften!$H$20:$H$27,"NaN",1) -> 10 | I93: =C93&": "&D93&" | "&E93&": "&F93&" | "&G93&": "&H93 -> Klugheit: 12 | Intuition: 15 | Fingerfertigkeit: 10 | J93: =_xlfn.XLOOKUP(B93,Talente!A:A,Talente!F:F) -> B | K93: =_xlfn.XLOOKUP(B93,Talente!A:A,Talente!G:G) -> - | L93: =IF(NOT(ISERROR(FIND("x",K93))),RIGHT(K93,1)*$H$2,IF(K93<0,IF(($H$2+K93)>0,$H$2+K93,0),IF(K93="-",0,0))) -> 0 | N93: =MAX(D93:H93)+3 -> 18 | O93: 0 | P93: =IF(M93="-","-",M93-L93+O93) -> 0
B94: Kartographie | C94: =_xlfn.XLOOKUP(B94,Talente!A:A,Talente!C:C) -> Klugheit | D94: =_xlfn.XLOOKUP(C94,Eigenschaften!$B$20:$B$27,Eigenschaften!$H$20:$H$27,"NaN",1) -> 12 | E94: =_xlfn.XLOOKUP(B94,Talente!A:A,Talente!D:D) -> Klugheit | F94: =_xlfn.XLOOKUP(E94,Eigenschaften!$B$20:$B$27,Eigenschaften!$H$20:$H$27,"NaN",1) -> 12 | G94: =_xlfn.XLOOKUP(B94,Talente!A:A,Talente!E:E) -> Fingerfertigkeit | H94: =_xlfn.XLOOKUP(G94,Eigenschaften!$B$20:$B$27,Eigenschaften!$H$20:$H$27,"NaN",1) -> 10 | I94: =C94&": "&D94&" | "&E94&": "&F94&" | "&G94&": "&H94 -> Klugheit: 12 | Klugheit: 12 | Fingerfertigkeit: 10 | J94: =_xlfn.XLOOKUP(B94,Talente!A:A,Talente!F:F) -> B | K94: =_xlfn.XLOOKUP(B94,Talente!A:A,Talente!G:G) -> - | L94: =IF(NOT(ISERROR(FIND("x",K94))),RIGHT(K94,1)*$H$2,IF(K94<0,IF(($H$2+K94)>0,$H$2+K94,0),IF(K94="-",0,0))) -> 0 | N94: =MAX(D94:H94)+3 -> 15 | O94: 0 | P94: =IF(M94="-","-",M94-L94+O94) -> 0
B95: Kochen | C95: =_xlfn.XLOOKUP(B95,Talente!A:A,Talente!C:C) -> Klugheit | D95: =_xlfn.XLOOKUP(C95,Eigenschaften!$B$20:$B$27,Eigenschaften!$H$20:$H$27,"NaN",1) -> 12 | E95: =_xlfn.XLOOKUP(B95,Talente!A:A,Talente!D:D) -> Intuition | F95: =_xlfn.XLOOKUP(E95,Eigenschaften!$B$20:$B$27,Eigenschaften!$H$20:$H$27,"NaN",1) -> 15 | G95: =_xlfn.XLOOKUP(B95,Talente!A:A,Talente!E:E) -> Fingerfertigkeit | H95: =_xlfn.XLOOKUP(G95,Eigenschaften!$B$20:$B$27,Eigenschaften!$H$20:$H$27,"NaN",1) -> 10 | I95: =C95&": "&D95&" | "&E95&": "&F95&" | "&G95&": "&H95 -> Klugheit: 12 | Intuition: 15 | Fingerfertigkeit: 10 | J95: =_xlfn.XLOOKUP(B95,Talente!A:A,Talente!F:F) -> B | K95: =_xlfn.XLOOKUP(B95,Talente!A:A,Talente!G:G) -> - | L95: =IF(NOT(ISERROR(FIND("x",K95))),RIGHT(K95,1)*$H$2,IF(K95<0,IF(($H$2+K95)>0,$H$2+K95,0),IF(K95="-",0,0))) -> 0 | M95: 3 | N95: =MAX(D95:H95)+3 -> 18 | O95: 0 | P95: =IF(M95="-","-",M95-L95+O95) -> 3
B96: Kristallzucht | C96: =_xlfn.XLOOKUP(B96,Talente!A:A,Talente!C:C) -> Klugheit | D96: =_xlfn.XLOOKUP(C96,Eigenschaften!$B$20:$B$27,Eigenschaften!$H$20:$H$27,"NaN",1) -> 12 | E96: =_xlfn.XLOOKUP(B96,Talente!A:A,Talente!D:D) -> Intuition | F96: =_xlfn.XLOOKUP(E96,Eigenschaften!$B$20:$B$27,Eigenschaften!$H$20:$H$27,"NaN",1) -> 15 | G96: =_xlfn.XLOOKUP(B96,Talente!A:A,Talente!E:E) -> Fingerfertigkeit | H96: =_xlfn.XLOOKUP(G96,Eigenschaften!$B$20:$B$27,Eigenschaften!$H$20:$H$27,"NaN",1) -> 10 | I96: =C96&": "&D96&" | "&E96&": "&F96&" | "&G96&": "&H96 -> Klugheit: 12 | Intuition: 15 | Fingerfertigkeit: 10 | J96: =_xlfn.XLOOKUP(B96,Talente!A:A,Talente!F:F) -> B | K96: =_xlfn.XLOOKUP(B96,Talente!A:A,Talente!G:G) -> - | L96: =IF(NOT(ISERROR(FIND("x",K96))),RIGHT(K96,1)*$H$2,IF(K96<0,IF(($H$2+K96)>0,$H$2+K96,0),IF(K96="-",0,0))) -> 0 | N96: =MAX(D96:H96)+3 -> 18 | O96: 0 | P96: =IF(M96="-","-",M96-L96+O96) -> 0
B97: Lederarbeiten | C97: =_xlfn.XLOOKUP(B97,Talente!A:A,Talente!C:C) -> Klugheit | D97: =_xlfn.XLOOKUP(C97,Eigenschaften!$B$20:$B$27,Eigenschaften!$H$20:$H$27,"NaN",1) -> 12 | E97: =_xlfn.XLOOKUP(B97,Talente!A:A,Talente!D:D) -> Fingerfertigkeit | F97: =_xlfn.XLOOKUP(E97,Eigenschaften!$B$20:$B$27,Eigenschaften!$H$20:$H$27,"NaN",1) -> 10 | G97: =_xlfn.XLOOKUP(B97,Talente!A:A,Talente!E:E) -> Fingerfertigkeit | H97: =_xlfn.XLOOKUP(G97,Eigenschaften!$B$20:$B$27,Eigenschaften!$H$20:$H$27,"NaN",1) -> 10 | I97: =C97&": "&D97&" | "&E97&": "&F97&" | "&G97&": "&H97 -> Klugheit: 12 | Fingerfertigkeit: 10 | Fingerfertigkeit: 10 | J97: =_xlfn.XLOOKUP(B97,Talente!A:A,Talente!F:F) -> B | K97: =_xlfn.XLOOKUP(B97,Talente!A:A,Talente!G:G) -> - | L97: =IF(NOT(ISERROR(FIND("x",K97))),RIGHT(K97,1)*$H$2,IF(K97<0,IF(($H$2+K97)>0,$H$2+K97,0),IF(K97="-",0,0))) -> 0 | M97: 4 | N97: =MAX(D97:H97)+3 -> 15 | O97: 0 | P97: =IF(M97="-","-",M97-L97+O97) -> 4
B98: Malen / Zeichnen | C98: =_xlfn.XLOOKUP(B98,Talente!A:A,Talente!C:C) -> Klugheit | D98: =_xlfn.XLOOKUP(C98,Eigenschaften!$B$20:$B$27,Eigenschaften!$H$20:$H$27,"NaN",1) -> 12 | E98: =_xlfn.XLOOKUP(B98,Talente!A:A,Talente!D:D) -> Intuition | F98: =_xlfn.XLOOKUP(E98,Eigenschaften!$B$20:$B$27,Eigenschaften!$H$20:$H$27,"NaN",1) -> 15 | G98: =_xlfn.XLOOKUP(B98,Talente!A:A,Talente!E:E) -> Fingerfertigkeit | H98: =_xlfn.XLOOKUP(G98,Eigenschaften!$B$20:$B$27,Eigenschaften!$H$20:$H$27,"NaN",1) -> 10 | I98: =C98&": "&D98&" | "&E98&": "&F98&" | "&G98&": "&H98 -> Klugheit: 12 | Intuition: 15 | Fingerfertigkeit: 10 | J98: =_xlfn.XLOOKUP(B98,Talente!A:A,Talente!F:F) -> B | K98: =_xlfn.XLOOKUP(B98,Talente!A:A,Talente!G:G) -> - | L98: =IF(NOT(ISERROR(FIND("x",K98))),RIGHT(K98,1)*$H$2,IF(K98<0,IF(($H$2+K98)>0,$H$2+K98,0),IF(K98="-",0,0))) -> 0 | N98: =MAX(D98:H98)+3 -> 18 | O98: 0 | P98: =IF(M98="-","-",M98-L98+O98) -> 0
B99: Maurer | C99: =_xlfn.XLOOKUP(B99,Talente!A:A,Talente!C:C) -> Fingerfertigkeit | D99: =_xlfn.XLOOKUP(C99,Eigenschaften!$B$20:$B$27,Eigenschaften!$H$20:$H$27,"NaN",1) -> 10 | E99: =_xlfn.XLOOKUP(B99,Talente!A:A,Talente!D:D) -> Gewandheit | F99: =_xlfn.XLOOKUP(E99,Eigenschaften!$B$20:$B$27,Eigenschaften!$H$20:$H$27,"NaN",1) -> 14 | G99: =_xlfn.XLOOKUP(B99,Talente!A:A,Talente!E:E) -> Körperkraft | H99: =_xlfn.XLOOKUP(G99,Eigenschaften!$B$20:$B$27,Eigenschaften!$H$20:$H$27,"NaN",1) -> 12 | I99: =C99&": "&D99&" | "&E99&": "&F99&" | "&G99&": "&H99 -> Fingerfertigkeit: 10 | Gewandheit: 14 | Körperkraft: 12 | J99: =_xlfn.XLOOKUP(B99,Talente!A:A,Talente!F:F) -> B | K99: =_xlfn.XLOOKUP(B99,Talente!A:A,Talente!G:G) -> - | L99: =IF(NOT(ISERROR(FIND("x",K99))),RIGHT(K99,1)*$H$2,IF(K99<0,IF(($H$2+K99)>0,$H$2+K99,0),IF(K99="-",0,0))) -> 0 | N99: =MAX(D99:H99)+3 -> 17 | O99: 0 | P99: =IF(M99="-","-",M99-L99+O99) -> 0
B100: Metallguss | C100: =_xlfn.XLOOKUP(B100,Talente!A:A,Talente!C:C) -> Klugheit | D100: =_xlfn.XLOOKUP(C100,Eigenschaften!$B$20:$B$27,Eigenschaften!$H$20:$H$27,"NaN",1) -> 12 | E100: =_xlfn.XLOOKUP(B100,Talente!A:A,Talente!D:D) -> Fingerfertigkeit | F100: =_xlfn.XLOOKUP(E100,Eigenschaften!$B$20:$B$27,Eigenschaften!$H$20:$H$27,"NaN",1) -> 10 | G100: =_xlfn.XLOOKUP(B100,Talente!A:A,Talente!E:E) -> Körperkraft | H100: =_xlfn.XLOOKUP(G100,Eigenschaften!$B$20:$B$27,Eigenschaften!$H$20:$H$27,"NaN",1) -> 12 | I100: =C100&": "&D100&" | "&E100&": "&F100&" | "&G100&": "&H100 -> Klugheit: 12 | Fingerfertigkeit: 10 | Körperkraft: 12 | J100: =_xlfn.XLOOKUP(B100,Talente!A:A,Talente!F:F) -> B | K100: =_xlfn.XLOOKUP(B100,Talente!A:A,Talente!G:G) -> - | L100: =IF(NOT(ISERROR(FIND("x",K100))),RIGHT(K100,1)*$H$2,IF(K100<0,IF(($H$2+K100)>0,$H$2+K100,0),IF(K100="-",0,0))) -> 0 | N100: =MAX(D100:H100)+3 -> 15 | O100: 0 | P100: =IF(M100="-","-",M100-L100+O100) -> 0
B101: Musizieren | C101: =_xlfn.XLOOKUP(B101,Talente!A:A,Talente!C:C) -> Intuition | D101: =_xlfn.XLOOKUP(C101,Eigenschaften!$B$20:$B$27,Eigenschaften!$H$20:$H$27,"NaN",1) -> 15 | E101: =_xlfn.XLOOKUP(B101,Talente!A:A,Talente!D:D) -> Charisma | F101: =_xlfn.XLOOKUP(E101,Eigenschaften!$B$20:$B$27,Eigenschaften!$H$20:$H$27,"NaN",1) -> 15 | G101: =_xlfn.XLOOKUP(B101,Talente!A:A,Talente!E:E) -> Fingerfertigkeit | H101: =_xlfn.XLOOKUP(G101,Eigenschaften!$B$20:$B$27,Eigenschaften!$H$20:$H$27,"NaN",1) -> 10 | I101: =C101&": "&D101&" | "&E101&": "&F101&" | "&G101&": "&H101 -> Intuition: 15 | Charisma: 15 | Fingerfertigkeit: 10 | J101: =_xlfn.XLOOKUP(B101,Talente!A:A,Talente!F:F) -> B | K101: =_xlfn.XLOOKUP(B101,Talente!A:A,Talente!G:G) -> - | L101: =IF(NOT(ISERROR(FIND("x",K101))),RIGHT(K101,1)*$H$2,IF(K101<0,IF(($H$2+K101)>0,$H$2+K101,0),IF(K101="-",0,0))) -> 0 | M101: 2 | N101: =MAX(D101:H101)+3 -> 18 | O101: 0 | P101: =IF(M101="-","-",M101-L101+O101) -> 2
B102: Schlösser Knacken | C102: =_xlfn.XLOOKUP(B102,Talente!A:A,Talente!C:C) -> Intuition | D102: =_xlfn.XLOOKUP(C102,Eigenschaften!$B$20:$B$27,Eigenschaften!$H$20:$H$27,"NaN",1) -> 15 | E102: =_xlfn.XLOOKUP(B102,Talente!A:A,Talente!D:D) -> Fingerfertigkeit | F102: =_xlfn.XLOOKUP(E102,Eigenschaften!$B$20:$B$27,Eigenschaften!$H$20:$H$27,"NaN",1) -> 10 | G102: =_xlfn.XLOOKUP(B102,Talente!A:A,Talente!E:E) -> Fingerfertigkeit | H102: =_xlfn.XLOOKUP(G102,Eigenschaften!$B$20:$B$27,Eigenschaften!$H$20:$H$27,"NaN",1) -> 10 | I102: =C102&": "&D102&" | "&E102&": "&F102&" | "&G102&": "&H102 -> Intuition: 15 | Fingerfertigkeit: 10 | Fingerfertigkeit: 10 | J102: =_xlfn.XLOOKUP(B102,Talente!A:A,Talente!F:F) -> B | K102: =_xlfn.XLOOKUP(B102,Talente!A:A,Talente!G:G) -> - | L102: =IF(NOT(ISERROR(FIND("x",K102))),RIGHT(K102,1)*$H$2,IF(K102<0,IF(($H$2+K102)>0,$H$2+K102,0),IF(K102="-",0,0))) -> 0 | N102: =MAX(D102:H102)+3 -> 18 | O102: 0 | P102: =IF(M102="-","-",M102-L102+O102) -> 0
B103: Schnaps Brennen | C103: =_xlfn.XLOOKUP(B103,Talente!A:A,Talente!C:C) -> Klugheit | D103: =_xlfn.XLOOKUP(C103,Eigenschaften!$B$20:$B$27,Eigenschaften!$H$20:$H$27,"NaN",1) -> 12 | E103: =_xlfn.XLOOKUP(B103,Talente!A:A,Talente!D:D) -> Intuition | F103: =_xlfn.XLOOKUP(E103,Eigenschaften!$B$20:$B$27,Eigenschaften!$H$20:$H$27,"NaN",1) -> 15 | G103: =_xlfn.XLOOKUP(B103,Talente!A:A,Talente!E:E) -> Fingerfertigkeit | H103: =_xlfn.XLOOKUP(G103,Eigenschaften!$B$20:$B$27,Eigenschaften!$H$20:$H$27,"NaN",1) -> 10 | I103: =C103&": "&D103&" | "&E103&": "&F103&" | "&G103&": "&H103 -> Klugheit: 12 | Intuition: 15 | Fingerfertigkeit: 10 | J103: =_xlfn.XLOOKUP(B103,Talente!A:A,Talente!F:F) -> B | K103: =_xlfn.XLOOKUP(B103,Talente!A:A,Talente!G:G) -> - | L103: =IF(NOT(ISERROR(FIND("x",K103))),RIGHT(K103,1)*$H$2,IF(K103<0,IF(($H$2+K103)>0,$H$2+K103,0),IF(K103="-",0,0))) -> 0 | N103: =MAX(D103:H103)+3 -> 18 | O103: 0 | P103: =IF(M103="-","-",M103-L103+O103) -> 0
B104: Schneidern | C104: =_xlfn.XLOOKUP(B104,Talente!A:A,Talente!C:C) -> Klugheit | D104: =_xlfn.XLOOKUP(C104,Eigenschaften!$B$20:$B$27,Eigenschaften!$H$20:$H$27,"NaN",1) -> 12 | E104: =_xlfn.XLOOKUP(B104,Talente!A:A,Talente!D:D) -> Fingerfertigkeit | F104: =_xlfn.XLOOKUP(E104,Eigenschaften!$B$20:$B$27,Eigenschaften!$H$20:$H$27,"NaN",1) -> 10 | G104: =_xlfn.XLOOKUP(B104,Talente!A:A,Talente!E:E) -> Fingerfertigkeit | H104: =_xlfn.XLOOKUP(G104,Eigenschaften!$B$20:$B$27,Eigenschaften!$H$20:$H$27,"NaN",1) -> 10 | I104: =C104&": "&D104&" | "&E104&": "&F104&" | "&G104&": "&H104 -> Klugheit: 12 | Fingerfertigkeit: 10 | Fingerfertigkeit: 10 | J104: =_xlfn.XLOOKUP(B104,Talente!A:A,Talente!F:F) -> B | K104: =_xlfn.XLOOKUP(B104,Talente!A:A,Talente!G:G) -> - | L104: =IF(NOT(ISERROR(FIND("x",K104))),RIGHT(K104,1)*$H$2,IF(K104<0,IF(($H$2+K104)>0,$H$2+K104,0),IF(K104="-",0,0))) -> 0 | M104: 2 | N104: =MAX(D104:H104)+3 -> 15 | O104: 0 | P104: =IF(M104="-","-",M104-L104+O104) -> 2
B105: Seefahrt | C105: =_xlfn.XLOOKUP(B105,Talente!A:A,Talente!C:C) -> Fingerfertigkeit | D105: =_xlfn.XLOOKUP(C105,Eigenschaften!$B$20:$B$27,Eigenschaften!$H$20:$H$27,"NaN",1) -> 10 | E105: =_xlfn.XLOOKUP(B105,Talente!A:A,Talente!D:D) -> Gewandheit | F105: =_xlfn.XLOOKUP(E105,Eigenschaften!$B$20:$B$27,Eigenschaften!$H$20:$H$27,"NaN",1) -> 14 | G105: =_xlfn.XLOOKUP(B105,Talente!A:A,Talente!E:E) -> Körperkraft | H105: =_xlfn.XLOOKUP(G105,Eigenschaften!$B$20:$B$27,Eigenschaften!$H$20:$H$27,"NaN",1) -> 12 | I105: =C105&": "&D105&" | "&E105&": "&F105&" | "&G105&": "&H105 -> Fingerfertigkeit: 10 | Gewandheit: 14 | Körperkraft: 12 | J105: =_xlfn.XLOOKUP(B105,Talente!A:A,Talente!F:F) -> B | K105: =_xlfn.XLOOKUP(B105,Talente!A:A,Talente!G:G) -> - | L105: =IF(NOT(ISERROR(FIND("x",K105))),RIGHT(K105,1)*$H$2,IF(K105<0,IF(($H$2+K105)>0,$H$2+K105,0),IF(K105="-",0,0))) -> 0 | N105: =MAX(D105:H105)+3 -> 17 | O105: 0 | P105: =IF(M105="-","-",M105-L105+O105) -> 0
B106: Seiler | C106: =_xlfn.XLOOKUP(B106,Talente!A:A,Talente!C:C) -> Fingerfertigkeit | D106: =_xlfn.XLOOKUP(C106,Eigenschaften!$B$20:$B$27,Eigenschaften!$H$20:$H$27,"NaN",1) -> 10 | E106: =_xlfn.XLOOKUP(B106,Talente!A:A,Talente!D:D) -> Fingerfertigkeit | F106: =_xlfn.XLOOKUP(E106,Eigenschaften!$B$20:$B$27,Eigenschaften!$H$20:$H$27,"NaN",1) -> 10 | G106: =_xlfn.XLOOKUP(B106,Talente!A:A,Talente!E:E) -> Körperkraft | H106: =_xlfn.XLOOKUP(G106,Eigenschaften!$B$20:$B$27,Eigenschaften!$H$20:$H$27,"NaN",1) -> 12 | I106: =C106&": "&D106&" | "&E106&": "&F106&" | "&G106&": "&H106 -> Fingerfertigkeit: 10 | Fingerfertigkeit: 10 | Körperkraft: 12 | J106: =_xlfn.XLOOKUP(B106,Talente!A:A,Talente!F:F) -> B | K106: =_xlfn.XLOOKUP(B106,Talente!A:A,Talente!G:G) -> - | L106: =IF(NOT(ISERROR(FIND("x",K106))),RIGHT(K106,1)*$H$2,IF(K106<0,IF(($H$2+K106)>0,$H$2+K106,0),IF(K106="-",0,0))) -> 0 | N106: =MAX(D106:H106)+3 -> 15 | O106: 0 | P106: =IF(M106="-","-",M106-L106+O106) -> 0
...

Sheet Magie
A1: Zaubername: | B1: Hauszauber | C1: Lernen nach | D1: Probe | E1: ZfW | F1: ZD | G1: Kosten | H1: Reichweite | I1: WD
A2: Harmlose Gestalt | B2: TRUE | C2: A | D2: KL/FF/KO | E2: 7 | F2: 10 | G2: 6 | H2: selbst | I2: ZfP* SR (A)
A3: Radau | B3: TRUE | C3: B | D3: MU/CH/KO | E3: 7 | F3: 4 | G3: 5 +1*KR | H3: 21 Schritt
A4: Schleier der Unwissenheit | B4: TRUE | C4: B | D4: KL/KL/FF | E4: 7 | F4: 1 SR | G4: 2+Mod | H4: selbst, Berührung | I4: ZfP* Stunden
A5: Spinnenlauf | B5: TRUE | C5: A | D5: IN/GE/KK | E5: 7 | F5: 10 | G5: 7+2*SR | H5: selbst, Berührung | I5: (A)
A6: Hexenholz | B6: TRUE | C6: B | D6: KL/FF/KK | E6: 5 | F6: 1 SR | G6: 5 + 1*SR | H6: 7 Schritt | I6: (A)
A7: Hexenknoten | B7: TRUE | C7: A | D7: KL/IN/CH | E7: 5 | F7: 10 | G7: 4 | I7: ZfP*/2 SR
A8: Große Gier | B8: FALSE | C8: B | D8: KL/KL/CH | E8: 4 | F8: 5 | G8: 6 | H8: Berührung | I8: ZfP* SR
A9: Tiere besprechen | B9: FALSE | C9: C | D9: MU/IN/CH | E9: 4 | F9: 50 | G9: Var. | H9: Berührung | I9: augenblicklich
A10: Adlerauge | B10: FALSE | C10: A | D10: KL/IN/FF | E10: 3 | F10: 5 | G10: 4 | H10: selbst | I10: 1 SR
A11: Armatrutz | B11: FALSE | C11: A | D11: IN/GE/KO | E11: 3 | F11: 3 | G11: RS*RS-ZfP*/2 (min. 4) | H11: Berührung | I11: 1 SR
A12: Blitz dich find | B12: FALSE | C12: A | D12: KL/IN/GE | E12: 3 | F12: 1 | G12: 4 | H12: ZfW Schritt | I12: ZfW/2 Aktionen
A13: Hexenkrallen | B13: TRUE | C13: A | D13: MU/IN/KO | E13: 3 | F13: 3 | G13: 3+1*SR | H13: selbst | I13: max. ZfP/2 SR
A14: Katzenaugen | B14: FALSE | C14: C | D14: KL/FF/KO | E14: 3 | F14: 10 | G14: 1 je 3 SR | H14: selbst | I14: (A)
A15: Krähenruf | B15: FALSE | C15: B | D15: MU/CH/CH | E15: 3 | F15: 7 | G15: 11 | H15: 21 Schritt | I15: max 20 KR
A16: Plumbarum schwerer Arm | B16: FALSE | C16: A | D16: CH/GE/KK | E16: 3 | F16: 3 | G16: 4+2 je Gegner | H16: 7 Schritt | I16: 5 KR
A17: Respondami Wahrheitszwang | B17: FALSE | C17: B | D17: MU/IN/CH | E17: 3 | F17: 3 | G17: 3 | H17: 1 Schritt | I17: 1 Frage
A18: Sensibar Empaticus | B18: FALSE | C18: C | D18: KL/IN/CH (+MR) | E18: 3 | F18: 10 | G18: 3 pro 10 Aktionen | H18: ZfW Schritt | I18: (A)
A19: Tiergedanken | B19: FALSE | C19: C | D19: MU/IN/CH | E19: 3 | F19: 20 | G19: 7*SR | H19: ZfW Schritt | I19: (A)
A20: Attributo | B20: FALSE | C20: A | D20: KL/CH/?? | E20: 2 | F20: 30 | G20: 7 | H20: Berührung | I20: 1 Stunde
A21: Hexenblick | B21: FALSE | C21: B | D21: IN/IN/CH | E21: 2 | F21: 4 | G21: 1 | H21: 3 Schritt | I21: 4 Aktionen
A22: Hexenspeichel | B22: FALSE | C22: C | D22: IN/CH/FF | E22: 2 | F22: 20 | G22: max. ZfW AsP | H22: Berührung | I22: augenblicklich
A23: Krötensprung | B23: FALSE | C23: A | D23: IN/GE/KK | E23: 2 | F23: 7 | G23: 3 | H23: selbst, Berührung | I23: augenblicklich
A24: Motoricus | B24: FALSE | C24: C | D24: KL/FF/KK | E24: 2 | F24: 5 | G24: 1 pro 5 Stein (min 3) | H24: 7 Schritt | I24: 1 SR (A)
A25: Zauberzwang | B25: FALSE | C25: D | D25: MU/CH/CH | E25: 2 | F25: 1 Stunde (3 SR) | G25: 27 | H25: Berührung
A26: Levthans Feuer | B26: FALSE | C26: C | D26: IN/CH/CH (+MR) | E26: 1 | F26: 7 | G26: 7 | H26: Berührung

Sheet Zauberliste
A1: Representation | B1: Hex
A2: Merkmale:
A3: Antimagie | B3: FALSE
A4: Beschwörung | B4: FALSE
A5: Eigenschaften | B5: TRUE
A6: Elementar | B6: FALSE
A7: Humus | B7: FALSE
A8: Feuer | B8: FALSE
A9: Erz | B9: FALSE
A10: Eis | B10: FALSE
A11: Luft | B11: FALSE
A12: Wasser | B12: FALSE
A13: Einfluss | B13: TRUE
A14: Form | B14: FALSE
... A29: Verständigung | B29: FALSE
V31: =_xlfn.XLOOKUP(V32,$A$3:$A$29,Zauberliste!$B$3:$B$29,"") -> FALSE | W31: =_xlfn.XLOOKUP(W32,$A$3:$A$29,Zauberliste!$B$3:$B$29,"") -> FALSE | X31: =_xlfn.XLOOKUP(X32,$A$3:$A$29,Zauberliste!$B$3:$B$29,"") -> TRUE | Y31: =_xlfn.XLOOKUP(Y32,$A$3:$A$29,Zauberliste!$B$3:$B$29,"") -> FALSE | Z31: =_xlfn.XLOOKUP(Z32,$A$3:$A$29,Zauberliste!$B$3:$B$29,"") -> FALSE | AA31: =_xlfn.XLOOKUP(AA32,$A$3:$A$29,Zauberliste!$B$3:$B$29,"") -> FALSE | AB31: =_xlfn.XLOOKUP(AB32,$A$3:$A$29,Zauberliste!$B$3:$B$29,"") -> FALSE | AC31: =_xlfn.XLOOKUP(AC32,$A$3:$A$29,Zauberliste!$B$3:$B$29,"") -> FALSE | ... AV31: =_xlfn.XLOOKUP(AV32,$A$3:$A$29,Zauberliste!$B$3:$B$29,"") -> FALSE
A32: Zaubername: | B32: Eigenschaften | C32: Aktiviert | D32: Hauszauber | E32: Lernbar | F32: Probe | G32: Lernkomplexität | H32: Merkmale | I32: Verfügbarkeit | J32: Lernkomplexität Zahl | K32: Lernen | L32: Eigenschaft 1 | M32: Spalte1 | N32: Eigenschaft 2 | O32: Spalte2 | P32: Eigenschaft 3 | Q32: Spalte3 | R32: Mod | S32: Überlauf Eigenschaften 1 | T32: Überlauf Eigenschaften 2 | U32: Überlauf Eigenschaften 3 | V32: Antimagie | W32: Beschwörung | X32: Eigenschaften | Y32: Elementar | Z32: Humus | AA32: Feuer | AB32: Erz | AC32: Eis | AD32: Luft | AE32: Wasser | AF32: Einfluss | AG32: Form | AH32: Geisterwesen | AI32: Heilung | AJ32: Hellsicht | AK32: Herbeirufung | AL32: Herrschaft | AM32: Illusion | AN32: Kraft | AO32: Limbus | AP32: Metamagie | AQ32: Objekt | AR32: Schaden | AS32: Telekinese | AT32: Temporal | AU32: Umwelt | AV32: Verständigung | AW32: ZfW | AX32: ZD | AY32: Kosten | AZ32: Reichweite | BA32: WD | BB32: Modifikationen
A33: Abvenenum reine Speise | B33: =L33&": "&M33&" | "&N33&": "&O33&" | "&P33&": "&Q33 -> Klugheit: 12 | Klugheit: 12 | Fingerfertigkeit: 10 | C33: FALSE | D33: FALSE | E33: =ISNUMBER(FIND($B$1,I33)) -> TRUE | F33: KL/KL/FF | G33: C | H33: Objekt | I33: Dru6, Elf6, Hex6, Mag6, Geo5, Ach4, Sch4 | J33: =_xlfn.XLOOKUP(G33,Rechner!$A$17:$A$25,Rechner!$B$17:$B$25) -> 4 | K33: =_xlfn.XLOOKUP(J33-SUMIF($V$31:$AV$31,TRUE,V33:AV33)-IF(D33=TRUE,1,0),Rechner!$B$17:$B$25,Rechner!$A$17:$A$25,"A+") -> C | L33: =_xlfn.XLOOKUP(S33,Eigenschaften!$C$20:$C$27,Eigenschaften!$B$20:$B$27) -> Klugheit | M33: =_xlfn.XLOOKUP(L33,Eigenschaften!$B$20:$B$27,Eigenschaften!$H$20:$H$27,"NaN",1) -> 12 | N33: =_xlfn.XLOOKUP(T33,Eigenschaften!$C$20:$C$27,Eigenschaften!$B$20:$B$27) -> Klugheit | O33: =_xlfn.XLOOKUP(N33,Eigenschaften!$B$20:$B$27,Eigenschaften!$H$20:$H$27,"NaN",1) -> 12 | P33: =_xlfn.XLOOKUP(U33,Eigenschaften!$C$20:$C$27,Eigenschaften!$B$20:$B$27) -> Fingerfertigkeit | Q33: =_xlfn.XLOOKUP(P33,Eigenschaften!$B$20:$B$27,Eigenschaften!$H$20:$H$27,"NaN",1) -> 10 | S33: {=_xlfn.TEXTSPLIT(F33,"/",,,,3)} -> KL | T33: KL | U33: FF | V33: =IF(ISNUMBER(SEARCH(V$32,$H33)),1,0) -> 0 | W33: =IF(ISNUMBER(SEARCH(W$32,$H33)),1,0) -> 0 | X33: =IF(ISNUMBER(SEARCH(X$32,$H33)),1,0) -> 0 | Y33: =IF(ISNUMBER(SEARCH(Y$32,$H33)),1,0) -> 0 | Z33: =IF(ISNUMBER(SEARCH(Z$32,$H33)),1,0) -> 0 | AA33: =IF(ISNUMBER(SEARCH(AA$32,$H33)),1,0) -> 0 | AB33: =IF(ISNUMBER(SEARCH(AB$32,$H33)),1,0) -> 0 | AC33: =IF(ISNUMBER(SEARCH(AC$32,$H33)),1,0) -> 0 | ... AV33: =IF(ISNUMBER(SEARCH(AV$32,$H33)),1,0) -> 0
A34: Accuratum Zaubernadel | B34: =L34&": "&M34&" | "&N34&": "&O34&" | "&P34&": "&Q34 -> Klugheit: 12 | Charisma: 15 | Fingerfertigkeit: 10 | C34: FALSE | D34: FALSE | E34: =ISNUMBER(FIND($B$1,I34)) -> TRUE | F34: KL/CH/FF | G34: C | H34: Objekt | I34: Mag4, Srl4, Hex2 | J34: =_xlfn.XLOOKUP(G34,Rechner!$A$17:$A$25,Rechner!$B$17:$B$25) -> 4 | K34: =_xlfn.XLOOKUP(J34-SUMIF($V$31:$AV$31,TRUE,V34:AV34)-IF(D34=TRUE,1,0),Rechner!$B$17:$B$25,Rechner!$A$17:$A$25,"A+") -> C | L34: =_xlfn.XLOOKUP(S34,Eigenschaften!$C$20:$C$27,Eigenschaften!$B$20:$B$27) -> Klugheit | M34: =_xlfn.XLOOKUP(L34,Eigenschaften!$B$20:$B$27,Eigenschaften!$H$20:$H$27,"NaN",1) -> 12 | N34: =_xlfn.XLOOKUP(T34,Eigenschaften!$C$20:$C$27,Eigenschaften!$B$20:$B$27) -> Charisma | O34: =_xlfn.XLOOKUP(N34,Eigenschaften!$B$20:$B$27,Eigenschaften!$H$20:$H$27,"NaN",1) -> 15 | P34: =_xlfn.XLOOKUP(U34,Eigenschaften!$C$20:$C$27,Eigenschaften!$B$20:$B$27) -> Fingerfertigkeit | Q34: =_xlfn.XLOOKUP(P34,Eigenschaften!$B$20:$B$27,Eigenschaften!$H$20:$H$27,"NaN",1) -> 10 | S34: {=_xlfn.TEXTSPLIT(F34,"/",,,,3)} -> KL | T34: CH | U34: FF | V34: =IF(ISNUMBER(SEARCH(V$32,$H34)),1,0) -> 0 | W34: =IF(ISNUMBER(SEARCH(W$32,$H34)),1,0) -> 0 | X34: =IF(ISNUMBER(SEARCH(X$32,$H34)),1,0) -> 0 | Y34: =IF(ISNUMBER(SEARCH(Y$32,$H34)),1,0) -> 0 | Z34: =IF(ISNUMBER(SEARCH(Z$32,$H34)),1,0) -> 0 | AA34: =IF(ISNUMBER(SEARCH(AA$32,$H34)),1,0) -> 0 | AB34: =IF(ISNUMBER(SEARCH(AB$32,$H34)),1,0) -> 0 | AC34: =IF(ISNUMBER(SEARCH(AC$32,$H34)),1,0) -> 0 | ... AV34: =IF(ISNUMBER(SEARCH(AV$32,$H34)),1,0) -> 0
A35: Adamantium Erzstruktur | B35: =L35&": "&M35&" | "&N35&": "&O35&" | "&P35&": "&Q35 -> Klugheit: 12 | Fingerfertigkeit: 10 | Konstitution: 12 | C35: FALSE | D35: FALSE | E35: =ISNUMBER(FIND($B$1,I35)) -> FALSE | F35: KL/FF/KO | G35: C | H35: Elementar (Erz), Objekt | I35: Ach6, Mag5 | J35: =_xlfn.XLOOKUP(G35,Rechner!$A$17:$A$25,Rechner!$B$17:$B$25) -> 4 | K35: =_xlfn.XLOOKUP(J35-SUMIF($V$31:$AV$31,TRUE,V35:AV35)-IF(D35=TRUE,1,0),Rechner!$B$17:$B$25,Rechner!$A$17:$A$25,"A+") -> C | L35: =_xlfn.XLOOKUP(S35,Eigenschaften!$C$20:$C$27,Eigenschaften!$B$20:$B$27) -> Klugheit | M35: =_xlfn.XLOOKUP(L35,Eigenschaften!$B$20:$B$27,Eigenschaften!$H$20:$H$27,"NaN",1) -> 12 | N35: =_xlfn.XLOOKUP(T35,Eigenschaften!$C$20:$C$27,Eigenschaften!$B$20:$B$27) -> Fingerfertigkeit | O35: =_xlfn.XLOOKUP(N35,Eigenschaften!$B$20:$B$27,Eigenschaften!$H$20:$H$27,"NaN",1) -> 10 | P35: =_xlfn.XLOOKUP(U35,Eigenschaften!$C$20:$C$27,Eigenschaften!$B$20:$B$27) -> Konstitution | Q35: =_xlfn.XLOOKUP(P35,Eigenschaften!$B$20:$B$27,Eigenschaften!$H$20:$H$27,"NaN",1) -> 12 | S35: {=_xlfn.TEXTSPLIT(F35,"/",,,,3)} -> KL | T35: FF | U35: KO | V35: =IF(ISNUMBER(SEARCH(V$32,$H35)),1,0) -> 0 | W35: =IF(ISNUMBER(SEARCH(W$32,$H35)),1,0) -> 0 | X35: =IF(ISNUMBER(SEARCH(X$32,$H35)),1,0) -> 0 | Y35: =IF(ISNUMBER(SEARCH(Y$32,$H35)),1,0) -> 1 | Z35: =IF(ISNUMBER(SEARCH(Z$32,$H35)),1,0) -> 0 | AA35: =IF(ISNUMBER(SEARCH(AA$32,$H35)),1,0) -> 0 | AB35: =IF(ISNUMBER(SEARCH(AB$32,$H35)),1,0) -> 1 | AC35: =IF(ISNUMBER(SEARCH(AC$32,$H35)),1,0) -> 0 | ... AV35: =IF(ISNUMBER(SEARCH(AV$32,$H35)),1,0) -> 0
A36: Armatrutz | B36: =L36&": "&M36&" | "&N36&": "&O36&" | "&P36&": "&Q36 -> Intuition: 15 | Gewandheit: 14 | Konstitution: 12 | C36: TRUE | D36: FALSE | E36: =ISNUMBER(FIND($B$1,I36)) -> TRUE | F36: IN/GE/KO | G36: B | H36: Eigenschaften, Elementar (Erz) | I36: Elf6, Mag6, Hex3, Dru2 | J36: =_xlfn.XLOOKUP(G36,Rechner!$A$17:$A$25,Rechner!$B$17:$B$25) -> 3 | K36: =_xlfn.XLOOKUP(J36-SUMIF($V$31:$AV$31,TRUE,V36:AV36)-IF(D36=TRUE,1,0),Rechner!$B$17:$B$25,Rechner!$A$17:$A$25,"A+") -> A | L36: =_xlfn.XLOOKUP(S36,Eigenschaften!$C$20:$C$27,Eigenschaften!$B$20:$B$27) -> Intuition | M36: =_xlfn.XLOOKUP(L36,Eigenschaften!$B$20:$B$27,Eigenschaften!$H$20:$H$27,"NaN",1) -> 15 | N36: =_xlfn.XLOOKUP(T36,Eigenschaften!$C$20:$C$27,Eigenschaften!$B$20:$B$27) -> Gewandheit | O36: =_xlfn.XLOOKUP(N36,Eigenschaften!$B$20:$B$27,Eigenschaften!$H$20:$H$27,"NaN",1) -> 14 | P36: =_xlfn.XLOOKUP(U36,Eigenschaften!$C$20:$C$27,Eigenschaften!$B$20:$B$27) -> Konstitution | Q36: =_xlfn.XLOOKUP(P36,Eigenschaften!$B$20:$B$27,Eigenschaften!$H$20:$H$27,"NaN",1) -> 12 | S36: {=_xlfn.TEXTSPLIT(F36,"/",,,,3)} -> IN | T36: GE | U36: KO | V36: =IF(ISNUMBER(SEARCH(V$32,$H36)),1,0) -> 0 | W36: =IF(ISNUMBER(SEARCH(W$32,$H36)),1,0) -> 0 | X36: =IF(ISNUMBER(SEARCH(X$32,$H36)),1,0) -> 1 | Y36: =IF(ISNUMBER(SEARCH(Y$32,$H36)),1,0) -> 1 | Z36: =IF(ISNUMBER(SEARCH(Z$32,$H36)),1,0) -> 0 | AA36: =IF(ISNUMBER(SEARCH(AA$32,$H36)),1,0) -> 0 | AB36: =IF(ISNUMBER(SEARCH(AB$32,$H36)),1,0) -> 1 | AC36: =IF(ISNUMBER(SEARCH(AC$32,$H36)),1,0) -> 0 | ... AV36: =IF(ISNUMBER(SEARCH(AV$32,$H36)),1,0) -> 0 | AW36: 12 | AX36: 3 Aktionen | AY36: RS*RS-ZfP*/2 (min 4) | AZ36: selbst | BA36: max. 1 SR (A)
A37: Adlerschwinge Wolfsgestalt | B37: =L37&": "&M37&" | "&N37&": "&O37&" | "&P37&": "&Q37 -> Mut: 13 | Intuition: 15 | Gewandheit: 14 | C37: FALSE | D37: FALSE | E37: =ISNUMBER(FIND($B$1,I37)) -> TRUE | F37: MU/IN/GE | G37: D | H37: Form | I37: Elf6, Ach3, Mag3, Dru(Elf)2, Hex(Elf)2 | J37: =_xlfn.XLOOKUP(G37,Rechner!$A$17:$A$25,Rechner!$B$17:$B$25) -> 5 | K37: =_xlfn.XLOOKUP(J37-SUMIF($V$31:$AV$31,TRUE,V37:AV37)-IF(D37=TRUE,1,0),Rechner!$B$17:$B$25,Rechner!$A$17:$A$25,"A+") -> D | L37: =_xlfn.XLOOKUP(S37,Eigenschaften!$C$20:$C$27,Eigenschaften!$B$20:$B$27) -> Mut | M37: =_xlfn.XLOOKUP(L37,Eigenschaften!$B$20:$B$27,Eigenschaften!$H$20:$H$27,"NaN",1) -> 13 | N37: =_xlfn.XLOOKUP(T37,Eigenschaften!$C$20:$C$27,Eigenschaften!$B$20:$B$27) -> Intuition | O37: =_xlfn.XLOOKUP(N37,Eigenschaften!$B$20:$B$27,Eigenschaften!$H$20:$H$27,"NaN",1) -> 15 | P37: =_xlfn.XLOOKUP(U37,Eigenschaften!$C$20:$C$27,Eigenschaften!$B$20:$B$27) -> Gewandheit | Q37: =_xlfn.XLOOKUP(P37,Eigenschaften!$B$20:$B$27,Eigenschaften!$H$20:$H$27,"NaN",1) -> 14 | S37: {=_xlfn.TEXTSPLIT(F37,"/",,,,3)} -> MU | T37: IN | U37: GE | V37: =IF(ISNUMBER(SEARCH(V$32,$H37)),1,0) -> 0 | W37: =IF(ISNUMBER(SEARCH(W$32,$H37)),1,0) -> 0 | X37: =IF(ISNUMBER(SEARCH(X$32,$H37)),1,0) -> 0 | Y37: =IF(ISNUMBER(SEARCH(Y$32,$H37)),1,0) -> 0 | Z37: =IF(ISNUMBER(SEARCH(Z$32,$H37)),1,0) -> 0 | AA37: =IF(ISNUMBER(SEARCH(AA$32,$H37)),1,0) -> 0 | AB37: =IF(ISNUMBER(SEARCH(AB$32,$H37)),1,0) -> 0 | AC37: =IF(ISNUMBER(SEARCH(AC$32,$H37)),1,0) -> 0 | ... AV37: =IF(ISNUMBER(SEARCH(AV$32,$H37)),1,0) -> 0
A38: Aeolitus Windgebraus | B38: =L38&": "&M38&" | "&N38&": "&O38&" | "&P38&": "&Q38 -> Klugheit: 12 | Charisma: 15 | Konstitution: 12 | C38: FALSE | D38: FALSE | E38: =ISNUMBER(FIND($B$1,I38)) -> FALSE | F38: KL/CH/KO | G38: B | H38: Umwelt, Elementar (Luft) | I38: Elf7, Ach5, Dru5, Mag5, Geo4, Sch3, Srl3 | J38: =_xlfn.XLOOKUP(G38,Rechner!$A$17:$A$25,Rechner!$B$17:$B$25) -> 3 | K38: =_xlfn.XLOOKUP(J38-SUMIF($V$31:$AV$31,TRUE,V38:AV38)-IF(D38=TRUE,1,0),Rechner!$B$17:$B$25,Rechner!$A$17:$A$25,"A+") -> B | L38: =_xlfn.XLOOKUP(S38,Eigenschaften!$C$20:$C$27,Eigenschaften!$B$20:$B$27) -> Klugheit | M38: =_xlfn.XLOOKUP(L38,Eigenschaften!$B$20:$B$27,Eigenschaften!$H$20:$H$27,"NaN",1) -> 12 | N38: =_xlfn.XLOOKUP(T38,Eigenschaften!$C$20:$C$27,Eigenschaften!$B$20:$B$27) -> Charisma | O38: =_xlfn.XLOOKUP(N38,Eigenschaften!$B$20:$B$27,Eigenschaften!$H$20:$H$27,"NaN",1) -> 15 | P38: =_xlfn.XLOOKUP(U38,Eigenschaften!$C$20:$C$27,Eigenschaften!$B$20:$B$27) -> Konstitution | Q38: =_xlfn.XLOOKUP(P38,Eigenschaften!$B$20:$B$27,Eigenschaften!$H$20:$H$27,"NaN",1) -> 12 | S38: {=_xlfn.TEXTSPLIT(F38,"/",,,,3)} -> KL | T38: CH | U38: KO | V38: =IF(ISNUMBER(SEARCH(V$32,$H38)),1,0) -> 0 | W38: =IF(ISNUMBER(SEARCH(W$32,$H38)),1,0) -> 0 | X38: =IF(ISNUMBER(SEARCH(X$32,$H38)),1,0) -> 0 | Y38: =IF(ISNUMBER(SEARCH(Y$32,$H38)),1,0) -> 1 | Z38: =IF(ISNUMBER(SEARCH(Z$32,$H38)),1,0) -> 0 | AA38: =IF(ISNUMBER(SEARCH(AA$32,$H38)),1,0) -> 0 | AB38: =IF(ISNUMBER(SEARCH(AB$32,$H38)),1,0) -> 0 | AC38: =IF(ISNUMBER(SEARCH(AC$32,$H38)),1,0) -> 0 | ... AV38: =IF(ISNUMBER(SEARCH(AV$32,$H38)),1,0) -> 0
A39: Aerofugo Vakuum | B39: =L39&": "&M39&" | "&N39&": "&O39&" | "&P39&": "&Q39 -> Mut: 13 | Konstitution: 12 | Körperkraft: 12 | C39: FALSE | D39: FALSE | E39: =ISNUMBER(FIND($B$1,I39)) -> FALSE | F39: MU/KO/KK | G39: D | H39: Umwelt, Elementar (Luft) | I39: Ach2, Mag2 | J39: =_xlfn.XLOOKUP(G39,Rechner!$A$17:$A$25,Rechner!$B$17:$B$25) -> 5 | K39: =_xlfn.XLOOKUP(J39-SUMIF($V$31:$AV$31,TRUE,V39:AV39)-IF(D39=TRUE,1,0),Rechner!$B$17:$B$25,Rechner!$A$17:$A$25,"A+") -> D | L39: =_xlfn.XLOOKUP(S39,Eigenschaften!$C$20:$C$27,Eigenschaften!$B$20:$B$27) -> Mut | M39: =_xlfn.XLOOKUP(L39,Eigenschaften!$B$20:$B$27,Eigenschaften!$H$20:$H$27,"NaN",1) -> 13 | N39: =_xlfn.XLOOKUP(T39,Eigenschaften!$C$20:$C$27,Eigenschaften!$B$20:$B$27) -> Konstitution | O39: =_xlfn.XLOOKUP(N39,Eigenschaften!$B$20:$B$27,Eigenschaften!$H$20:$H$27,"NaN",1) -> 12 | P39: =_xlfn.XLOOKUP(U39,Eigenschaften!$C$20:$C$27,Eigenschaften!$B$20:$B$27) -> Körperkraft | Q39: =_xlfn.XLOOKUP(P39,Eigenschaften!$B$20:$B$27,Eigenschaften!$H$20:$H$27,"NaN",1) -> 12 | S39: {=_xlfn.TEXTSPLIT(F39,"/",,,,3)} -> MU | T39: KO | U39: KK | V39: =IF(ISNUMBER(SEARCH(V$32,$H39)),1,0) -> 0 | W39: =IF(ISNUMBER(SEARCH(W$32,$H39)),1,0) -> 0 | X39: =IF(ISNUMBER(SEARCH(X$32,$H39)),1,0) -> 0 | Y39: =IF(ISNUMBER(SEARCH(Y$32,$H39)),1,0) -> 1 | Z39: =IF(ISNUMBER(SEARCH(Z$32,$H39)),1,0) -> 0 | AA39: =IF(ISNUMBER(SEARCH(AA$32,$H39)),1,0) -> 0 | AB39: =IF(ISNUMBER(SEARCH(AB$32,$H39)),1,0) -> 0 | AC39: =IF(ISNUMBER(SEARCH(AC$32,$H39)),1,0) -> 0 | ... AV39: =IF(ISNUMBER(SEARCH(AV$32,$H39)),1,0) -> 0
A40: Aerogelo Atemqual | B40: =L40&": "&M40&" | "&N40&": "&O40&" | "&P40&": "&Q40 -> Mut: 13 | Intuition: 15 | Konstitution: 12 | C40: FALSE | D40: FALSE | E40: =ISNUMBER(FIND($B$1,I40)) -> FALSE | F40: MU/IN/KO | G40: D | H40: Umwelt, Elementar (Luft) | I40: Mag2 | J40: =_xlfn.XLOOKUP(G40,Rechner!$A$17:$A$25,Rechner!$B$17:$B$25) -> 5 | K40: =_xlfn.XLOOKUP(J40-SUMIF($V$31:$AV$31,TRUE,V40:AV40)-IF(D40=TRUE,1,0),Rechner!$B$17:$B$25,Rechner!$A$17:$A$25,"A+") -> D | L40: =_xlfn.XLOOKUP(S40,Eigenschaften!$C$20:$C$27,Eigenschaften!$B$20:$B$27) -> Mut | M40: =_xlfn.XLOOKUP(L40,Eigenschaften!$B$20:$B$27,Eigenschaften!$H$20:$H$27,"NaN",1) -> 13 | N40: =_xlfn.XLOOKUP(T40,Eigenschaften!$C$20:$C$27,Eigenschaften!$B$20:$B$27) -> Intuition | O40: =_xlfn.XLOOKUP(N40,Eigenschaften!$B$20:$B$27,Eigenschaften!$H$20:$H$27,"NaN",1) -> 15 | P40: =_xlfn.XLOOKUP(U40,Eigenschaften!$C$20:$C$27,Eigenschaften!$B$20:$B$27) -> Konstitution | Q40: =_xlfn.XLOOKUP(P40,Eigenschaften!$B$20:$B$27,Eigenschaften!$H$20:$H$27,"NaN",1) -> 12 | S40: {=_xlfn.TEXTSPLIT(F40,"/",,,,3)} -> MU | T40: IN | U40: KO | V40: =IF(ISNUMBER(SEARCH(V$32,$H40)),1,0) -> 0 | W40: =IF(ISNUMBER(SEARCH(W$32,$H40)),1,0) -> 0 | X40: =IF(ISNUMBER(SEARCH(X$32,$H40)),1,0) -> 0 | Y40: =IF(ISNUMBER(SEARCH(Y$32,$H40)),1,0) -> 1 | Z40: =IF(ISNUMBER(SEARCH(Z$32,$H40)),1,0) -> 0 | AA40: =IF(ISNUMBER(SEARCH(AA$32,$H40)),1,0) -> 0 | AB40: =IF(ISNUMBER(SEARCH(AB$32,$H40)),1,0) -> 0 | AC40: =IF(ISNUMBER(SEARCH(AC$32,$H40)),1,0) -> 0 | ... AV40: =IF(ISNUMBER(SEARCH(AV$32,$H40)),1,0) -> 0
A41: Alpgestalt | B41: =L41&": "&M41&" | "&N41&": "&O41&" | "&P41&": "&Q41 -> Mut: 13 | Charisma: 15 | Gewandheit: 14 | C41: FALSE | D41: FALSE | E41: =ISNUMBER(FIND($B$1,I41)) -> FALSE | F41: MU/CH/GE | G41: C | H41: Einfluss, Herrschaft | I41: Dru3 | J41: =_xlfn.XLOOKUP(G41,Rechner!$A$17:$A$25,Rechner!$B$17:$B$25) -> 4 | K41: =_xlfn.XLOOKUP(J41-SUMIF($V$31:$AV$31,TRUE,V41:AV41)-IF(D41=TRUE,1,0),Rechner!$B$17:$B$25,Rechner!$A$17:$A$25,"A+") -> B | L41: =_xlfn.XLOOKUP(S41,Eigenschaften!$C$20:$C$27,Eigenschaften!$B$20:$B$27) -> Mut | M41: =_xlfn.XLOOKUP(L41,Eigenschaften!$B$20:$B$27,Eigenschaften!$H$20:$H$27,"NaN",1) -> 13 | N41: =_xlfn.XLOOKUP(T41,Eigenschaften!$C$20:$C$27,Eigenschaften!$B$20:$B$27) -> Charisma | O41: =_xlfn.XLOOKUP(N41,Eigenschaften!$B$20:$B$27,Eigenschaften!$H$20:$H$27,"NaN",1) -> 15 | P41: =_xlfn.XLOOKUP(U41,Eigenschaften!$C$20:$C$27,Eigenschaften!$B$20:$B$27) -> Gewandheit | Q41: =_xlfn.XLOOKUP(P41,Eigenschaften!$B$20:$B$27,Eigenschaften!$H$20:$H$27,"NaN",1) -> 14 | S41: {=_xlfn.TEXTSPLIT(F41,"/",,,,3)} -> MU | T41: CH | U41: GE | V41: =IF(ISNUMBER(SEARCH(V$32,$H41)),1,0) -> 0 | W41: =IF(ISNUMBER(SEARCH(W$32,$H41)),1,0) -> 0 | X41: =IF(ISNUMBER(SEARCH(X$32,$H41)),1,0) -> 0 | Y41: =IF(ISNUMBER(SEARCH(Y$32,$H41)),1,0) -> 0 | Z41: =IF(ISNUMBER(SEARCH(Z$32,$H41)),1,0) -> 0 | AA41: =IF(ISNUMBER(SEARCH(AA$32,$H41)),1,0) -> 0 | AB41: =IF(ISNUMBER(SEARCH(AB$32,$H41)),1,0) -> 0 | AC41: =IF(ISNUMBER(SEARCH(AC$32,$H41)),1,0) -> 0 | ... AV41: =IF(ISNUMBER(SEARCH(AV$32,$H41)),1,0) -> 0
A42: Analys Arcanstruktur | B42: =L42&": "&M42&" | "&N42&": "&O42&" | "&P42&": "&Q42 -> Klugheit: 12 | Klugheit: 12 | Intuition: ? | C42: FALSE | D42: FALSE | E42: =ISNUMBER(FIND($B$1,I42)) -> TRUE | F42: KL/KL/IN | G42: D | H42: Hellsicht, Metamagie | I42: Mag6, Ach3, Dru(Mag)2, Geo(Mag)2, Hex(Mag)2 | J42: =_xlfn.XLOOKUP(G42,Rechner!$A$17:$A$25,Rechner!$B$17:$B$25) -> 5 | K42: =_xlfn.XLOOKUP(J42-SUMIF($V$31:$AV$31,TRUE,V42:AV42)-IF(D42=TRUE,1,0),Rechner!$B$17:$B$25,Rechner!$A$17:$A$25,"A+") -> D | L42: =_xlfn.XLOOKUP(S42,Eigenschaften!$C$20:$C$27,Eigenschaften!$B$20:$B$27) -> Klugheit | M42: =_xlfn.XLOOKUP(L42,Eigenschaften!$B$20:$B$27,Eigenschaften!$H$20:$H$27,"NaN",1) -> 12 | N42: =_xlfn.XLOOKUP(T42,Eigenschaften!$C$20:$C$27,Eigenschaften!$B$20:$B$27) -> Klugheit | O42: =_xlfn.XLOOKUP(N42,Eigenschaften!$B$20:$B$27,Eigenschaften!$H$20:$H$27,"NaN",1) -> 12 | P42: =_xlfn.XLOOKUP(U42,Eigenschaften!$C$20:$C$27,Eigenschaften!$B$20:$B$27,"*") -> Intuition | Q42: ? | S42: {=_xlfn.TEXTSPLIT(F42,"/",,,,3)} -> KL | T42: KL | U42: IN | V42: =IF(ISNUMBER(SEARCH(V$32,$H42)),1,0) -> 0 | W42: =IF(ISNUMBER(SEARCH(W$32,$H42)),1,0) -> 0 | X42: =IF(ISNUMBER(SEARCH(X$32,$H42)),1,0) -> 0 | Y42: =IF(ISNUMBER(SEARCH(Y$32,$H42)),1,0) -> 0 | Z42: =IF(ISNUMBER(SEARCH(Z$32,$H42)),1,0) -> 0 | AA42: =IF(ISNUMBER(SEARCH(AA$32,$H42)),1,0) -> 0 | AB42: =IF(ISNUMBER(SEARCH(AB$32,$H42)),1,0) -> 0 | AC42: =IF(ISNUMBER(SEARCH(AC$32,$H42)),1,0) -> 0 | ... AV42: =IF(ISNUMBER(SEARCH(AV$32,$H42)),1,0) -> 0
A43: Ängste lindern | B43: =L43&": "&M43&" | "&N43&": "&O43&" | "&P43&": "&Q43 -> Mut: 13 | Intuition: 15 | Charisma: 15 | C43: FALSE | D43: FALSE | E43: =ISNUMBER(FIND($B$1,I43)) -> TRUE | F43: MU/IN/CH | G43: C | H43: Einfluss | I43: Hex7, Geo5, Dru4, Mag4 | J43: =_xlfn.XLOOKUP(G43,Rechner!$A$17:$A$25,Rechner!$B$17:$B$25) -> 4 | K43: =_xlfn.XLOOKUP(J43-SUMIF($V$31:$AV$31,TRUE,V43:AV43)-IF(D43=TRUE,1,0),Rechner!$B$17:$B$25,Rechner!$A$17:$A$25,"A+") -> B | L43: =_xlfn.XLOOKUP(S43,Eigenschaften!$C$20:$C$27,Eigenschaften!$B$20:$B$27) -> Mut | M43: =_xlfn.XLOOKUP(L43,Eigenschaften!$B$20:$B$27,Eigenschaften!$H$20:$H$27,"NaN",1) -> 13 | N43: =_xlfn.XLOOKUP(T43,Eigenschaften!$C$20:$C$27,Eigenschaften!$B$20:$B$27) -> Intuition | O43: =_xlfn.XLOOKUP(N43,Eigenschaften!$B$20:$B$27,Eigenschaften!$H$20:$H$27,"NaN",1) -> 15 | P43: =_xlfn.XLOOKUP(U43,Eigenschaften!$C$20:$C$27,Eigenschaften!$B$20:$B$27) -> Charisma | Q43: =_xlfn.XLOOKUP(P43,Eigenschaften!$B$20:$B$27,Eigenschaften!$H$20:$H$27,"NaN",1) -> 15 | S43: {=_xlfn.TEXTSPLIT(F43,"/",,,,3)} -> MU | T43: IN | U43: CH | V43: =IF(ISNUMBER(SEARCH(V$32,$H43)),1,0) -> 0 | W43: =IF(ISNUMBER(SEARCH(W$32,$H43)),1,0) -> 0 | X43: =IF(ISNUMBER(SEARCH(X$32,$H43)),1,0) -> 0 | Y43: =IF(ISNUMBER(SEARCH(Y$32,$H43)),1,0) -> 0 | Z43: =IF(ISNUMBER(SEARCH(Z$32,$H43)),1,0) -> 0 | AA43: =IF(ISNUMBER(SEARCH(AA$32,$H43)),1,0) -> 0 | AB43: =IF(ISNUMBER(SEARCH(AB$32,$H43)),1,0) -> 0 | AC43: =IF(ISNUMBER(SEARCH(AC$32,$H43)),1,0) -> 0 | ... AV43: =IF(ISNUMBER(SEARCH(AV$32,$H43)),1,0) -> 0
A44: Animatio stummer Diener | B44: =L44&": "&M44&" | "&N44&": "&O44&" | "&P44&": "&Q44 -> Klugheit: 12 | Fingerfertigkeit: 10 | Gewandheit: 14 | C44: FALSE | D44: FALSE | E44: =ISNUMBER(FIND($B$1,I44)) -> FALSE | F44: KL/FF/GE | G44: E | H44: Telekinese | I44: Mag3 | J44: =_xlfn.XLOOKUP(G44,Rechner!$A$17:$A$25,Rechner!$B$17:$B$25) -> 6 | K44: =_xlfn.XLOOKUP(J44-SUMIF($V$31:$AV$31,TRUE,V44:AV44)-IF(D44=TRUE,1,0),Rechner!$B$17:$B$25,Rechner!$A$17:$A$25,"A+") -> E | L44: =_xlfn.XLOOKUP(S44,Eigenschaften!$C$20:$C$27,Eigenschaften!$B$20:$B$27) -> Klugheit | M44: =_xlfn.XLOOKUP(L44,Eigenschaften!$B$20:$B$27,Eigenschaften!$H$20:$H$27,"NaN",1) -> 12 | N44: =_xlfn.XLOOKUP(T44,Eigenschaften!$C$20:$C$27,Eigenschaften!$B$20:$B$27) -> Fingerfertigkeit | O44: =_xlfn.XLOOKUP(N44,Eigenschaften!$B$20:$B$27,Eigenschaften!$H$20:$H$27,"NaN",1) -> 10 | P44: =_xlfn.XLOOKUP(U44,Eigenschaften!$C$20:$C$27,Eigenschaften!$B$20:$B$27) -> Gewandheit | Q44: =_xlfn.XLOOKUP(P44,Eigenschaften!$B$20:$B$27,Eigenschaften!$H$20:$H$27,"NaN",1) -> 14 | S44: {=_xlfn.TEXTSPLIT(F44,"/",,,,3)} -> KL | T44: FF | U44: GE | V44: =IF(ISNUMBER(SEARCH(V$32,$H44)),1,0) -> 0 | W44: =IF(ISNUMBER(SEARCH(W$32,$H44)),1,0) -> 0 | X44: =IF(ISNUMBER(SEARCH(X$32,$H44)),1,0) -> 0 | Y44: =IF(ISNUMBER(SEARCH(Y$32,$H44)),1,0) -> 0 | Z44: =IF(ISNUMBER(SEARCH(Z$32,$H44)),1,0) -> 0 | AA44: =IF(ISNUMBER(SEARCH(AA$32,$H44)),1,0) -> 0 | AB44: =IF(ISNUMBER(SEARCH(AB$32,$H44)),1,0) -> 0 | AC44: =IF(ISNUMBER(SEARCH(AC$32,$H44)),1,0) -> 0 | ... AV44: =IF(ISNUMBER(SEARCH(AV$32,$H44)),1,0) -> 0
A45: Applicatus Zauberspeicher | B45: =L45&": "&M45&" | "&N45&": "&O45&" | "&P45&": "&Q45 -> Klugheit: 12 | Fingerfertigkeit: 10 | Fingerfertigkeit: 10 | C45: FALSE | D45: FALSE | E45: =ISNUMBER(FIND($B$1,I45)) -> FALSE | F45: KL/FF/FF | G45: C | H45: Objekt, Metamagie | I45: Ach3, Mag3, Srl3 | J45: =_xlfn.XLOOKUP(G45,Rechner!$A$17:$A$25,Rechner!$B$17:$B$25) -> 4 | K45: =_xlfn.XLOOKUP(J45-SUMIF($V$31:$AV$31,TRUE,V45:AV45)-IF(D45=TRUE,1,0),Rechner!$B$17:$B$25,Rechner!$A$17:$A$25,"A+") -> C | L45: =_xlfn.XLOOKUP(S45,Eigenschaften!$C$20:$C$27,Eigenschaften!$B$20:$B$27) -> Klugheit | M45: =_xlfn.XLOOKUP(L45,Eigenschaften!$B$20:$B$27,Eigenschaften!$H$20:$H$27,"NaN",1) -> 12 | N45: =_xlfn.XLOOKUP(T45,Eigenschaften!$C$20:$C$27,Eigenschaften!$B$20:$B$27) -> Fingerfertigkeit | O45: =_xlfn.XLOOKUP(N45,Eigenschaften!$B$20:$B$27,Eigenschaften!$H$20:$H$27,"NaN",1) -> 10 | P45: =_xlfn.XLOOKUP(U45,Eigenschaften!$C$20:$C$27,Eigenschaften!$B$20:$B$27) -> Fingerfertigkeit | Q45: =_xlfn.XLOOKUP(P45,Eigenschaften!$B$20:$B$27,Eigenschaften!$H$20:$H$27,"NaN",1) -> 10 | S45: {=_xlfn.TEXTSPLIT(F45,"/",,,,3)} -> KL | T45: FF | U45: FF | V45: =IF(ISNUMBER(SEARCH(V$32,$H45)),1,0) -> 0 | W45: =IF(ISNUMBER(SEARCH(W$32,$H45)),1,0) -> 0 | X45: =IF(ISNUMBER(SEARCH(X$32,$H45)),1,0) -> 0 | Y45: =IF(ISNUMBER(SEARCH(Y$32,$H45)),1,0) -> 0 | Z45: =IF(ISNUMBER(SEARCH(Z$32,$H45)),1,0) -> 0 | AA45: =IF(ISNUMBER(SEARCH(AA$32,$H45)),1,0) -> 0 | AB45: =IF(ISNUMBER(SEARCH(AB$32,$H45)),1,0) -> 0 | AC45: =IF(ISNUMBER(SEARCH(AC$32,$H45)),1,0) -> 0 | ... AV45: =IF(ISNUMBER(SEARCH(AV$32,$H45)),1,0) -> 0
A46: Aquafaxius | B46: =L46&": "&M46&" | "&N46&": "&O46&" | "&P46&": "&Q46 -> Klugheit: 12 | Fingerfertigkeit: 10 | Konstitution: 12 | C46: FALSE | D46: FALSE | E46: =ISNUMBER(FIND($B$1,I46)) -> FALSE | F46: KL/FF/KO | G46: C | H46: Schaden, Elementar (Wasser) | I46: Geo2, Mag2, Ach2 | J46: =_xlfn.XLOOKUP(G46,Rechner!$A$17:$A$25,Rechner!$B$17:$B$25) -> 4 | K46: =_xlfn.XLOOKUP(J46-SUMIF($V$31:$AV$31,TRUE,V46:AV46)-IF(D46=TRUE,1,0),Rechner!$B$17:$B$25,Rechner!$A$17:$A$25,"A+") -> C | L46: =_xlfn.XLOOKUP(S46,Eigenschaften!$C$20:$C$27,Eigenschaften!$B$20:$B$27) -> Klugheit | M46: =_xlfn.XLOOKUP(L46,Eigenschaften!$B$20:$B$27,Eigenschaften!$H$20:$H$27,"NaN",1) -> 12 | N46: =_xlfn.XLOOKUP(T46,Eigenschaften!$C$20:$C$27,Eigenschaften!$B$20:$B$27) -> Fingerfertigkeit | O46: =_xlfn.XLOOKUP(N46,Eigenschaften!$B$20:$B$27,Eigenschaften!$H$20:$H$27,"NaN",1) -> 10 | P46: =_xlfn.XLOOKUP(U46,Eigenschaften!$C$20:$C$27,Eigenschaften!$B$20:$B$27) -> Konstitution | Q46: =_xlfn.XLOOKUP(P46,Eigenschaften!$B$20:$B$27,Eigenschaften!$H$20:$H$27,"NaN",1) -> 12 | S46: {=_xlfn.TEXTSPLIT(F46,"/",,,,3)} -> KL | T46: FF | U46: KO | V46: =IF(ISNUMBER(SEARCH(V$32,$H46)),1,0) -> 0 | W46: =IF(ISNUMBER(SEARCH(W$32,$H46)),1,0) -> 0 | X46: =IF(ISNUMBER(SEARCH(X$32,$H46)),1,0) -> 0 | Y46: =IF(ISNUMBER(SEARCH(Y$32,$H46)),1,0) -> 1 | Z46: =IF(ISNUMBER(SEARCH(Z$32,$H46)),1,0) -> 0 | AA46: =IF(ISNUMBER(SEARCH(AA$32,$H46)),1,0) -> 0 | AB46: =IF(ISNUMBER(SEARCH(AB$32,$H46)),1,0) -> 0 | AC46: =IF(ISNUMBER(SEARCH(AC$32,$H46)),1,0) -> 0 | ... AV46: =IF(ISNUMBER(SEARCH(AV$32,$H46)),1,0) -> 0
A47: Aquasphaero | B47: =L47&": "&M47&" | "&N47&": "&O47&" | "&P47&": "&Q47 -> Mut: 13 | Intuition: 15 | Konstitution: 12 | C47: FALSE | D47: FALSE | E47: =ISNUMBER(FIND($B$1,I47)) -> FALSE | F47: MU/IN/KO | G47: D | H47: Telekinese, Elementar (Wasser), Schaden | I47: Ach2, Mag2, Geo1 | J47: =_xlfn.XLOOKUP(G47,Rechner!$A$17:$A$25,Rechner!$B$17:$B$25) -> 5 | K47: =_xlfn.XLOOKUP(J47-SUMIF($V$31:$AV$31,TRUE,V47:AV47)-IF(D47=TRUE,1,0),Rechner!$B$17:$B$25,Rechner!$A$17:$A$25,"A+") -> D | L47: =_xlfn.XLOOKUP(S47,Eigenschaften!$C$20:$C$27,Eigenschaften!$B$20:$B$27) -> Mut | M47: =_xlfn.XLOOKUP(L47,Eigenschaften!$B$20:$B$27,Eigenschaften!$H$20:$H$27,"NaN",1) -> 13 | N47: =_xlfn.XLOOKUP(T47,Eigenschaften!$C$20:$C$27,Eigenschaften!$B$20:$B$27) -> Intuition | O47: =_xlfn.XLOOKUP(N47,Eigenschaften!$B$20:$B$27,Eigenschaften!$H$20:$H$27,"NaN",1) -> 15 | P47: =_xlfn.XLOOKUP(U47,Eigenschaften!$C$20:$C$27,Eigenschaften!$B$20:$B$27) -> Konstitution | Q47: =_xlfn.XLOOKUP(P47,Eigenschaften!$B$20:$B$27,Eigenschaften!$H$20:$H$27,"NaN",1) -> 12 | S47: {=_xlfn.TEXTSPLIT(F47,"/",,,,3)} -> MU | T47: IN | U47: KO | V47: =IF(ISNUMBER(SEARCH(V$32,$H47)),1,0) -> 0 | W47: =IF(ISNUMBER(SEARCH(W$32,$H47)),1,0) -> 0 | X47: =IF(ISNUMBER(SEARCH(X$32,$H47)),1,0) -> 0 | Y47: =IF(ISNUMBER(SEARCH(Y$32,$H47)),1,0) -> 1 | Z47: =IF(ISNUMBER(SEARCH(Z$32,$H47)),1,0) -> 0 | AA47: =IF(ISNUMBER(SEARCH(AA$32,$H47)),1,0) -> 0 | AB47: =IF(ISNUMBER(SEARCH(AB$32,$H47)),1,0) -> 0 | AC47: =IF(ISNUMBER(SEARCH(AC$32,$H47)),1,0) -> 0 | ... AV47: =IF(ISNUMBER(SEARCH(AV$32,$H47)),1,0) -> 0
A48: Arachnea Krabbeltier | B48: =L48&": "&M48&" | "&N48&": "&O48&" | "&P48&": "&Q48 -> Mut: 13 | Intuition: 15 | Charisma: 15 | C48: FALSE | D48: FALSE | E48: =ISNUMBER(FIND($B$1,I48)) -> TRUE | F48: MU/IN/CH | G48: D | H48: Herbeirufung | I48: Mag2, Bor1, Hex1 | J48: =_xlfn.XLOOKUP(G48,Rechner!$A$17:$A$25,Rechner!$B$17:$B$25) -> 5 | K48: =_xlfn.XLOOKUP(J48-SUMIF($V$31:$AV$31,TRUE,V48:AV48)-IF(D48=TRUE,1,0),Rechner!$B$17:$B$25,Rechner!$A$17:$A$25,"A+") -> D | L48: =_xlfn.XLOOKUP(S48,Eigenschaften!$C$20:$C$27,Eigenschaften!$B$20:$B$27) -> Mut | M48: =_xlfn.XLOOKUP(L48,Eigenschaften!$B$20:$B$27,Eigenschaften!$H$20:$H$27,"NaN",1) -> 13 | N48: =_xlfn.XLOOKUP(T48,Eigenschaften!$C$20:$C$27,Eigenschaften!$B$20:$B$27) -> Intuition | O48: =_xlfn.XLOOKUP(N48,Eigenschaften!$B$20:$B$27,Eigenschaften!$H$20:$H$27,"NaN",1) -> 15 | P48: =_xlfn.XLOOKUP(U48,Eigenschaften!$C$20:$C$27,Eigenschaften!$B$20:$B$27) -> Charisma | Q48: =_xlfn.XLOOKUP(P48,Eigenschaften!$B$20:$B$27,Eigenschaften!$H$20:$H$27,"NaN",1) -> 15 | S48: {=_xlfn.TEXTSPLIT(F48,"/",,,,3)} -> MU | T48: IN | U48: CH | V48: =IF(ISNUMBER(SEARCH(V$32,$H48)),1,0) -> 0 | W48: =IF(ISNUMBER(SEARCH(W$32,$H48)),1,0) -> 0 | X48: =IF(ISNUMBER(SEARCH(X$32,$H48)),1,0) -> 0 | Y48: =IF(ISNUMBER(SEARCH(Y$32,$H48)),1,0) -> 0 | Z48: =IF(ISNUMBER(SEARCH(Z$32,$H48)),1,0) -> 0 | AA48: =IF(ISNUMBER(SEARCH(AA$32,$H48)),1,0) -> 0 | AB48: =IF(ISNUMBER(SEARCH(AB$32,$H48)),1,0) -> 0 | AC48: =IF(ISNUMBER(SEARCH(AC$32,$H48)),1,0) -> 0 | ... AV48: =IF(ISNUMBER(SEARCH(AV$32,$H48)),1,0) -> 0
A49: Arcanovi Artefakt | B49: =L49&": "&M49&" | "&N49&": "&O49&" | "&P49&": "&Q49 -> Klugheit: 12 | Klugheit: 12 | Fingerfertigkeit: 10 | C49: FALSE | D49: FALSE | E49: =ISNUMBER(FIND($B$1,I49)) -> TRUE | F49: KL/KL/FF | G49: E | H49: Objekt, Metamagie | I49: Ach4, Mag4, Geo2, Hex2, Dru1, Elf1 | J49: =_xlfn.XLOOKUP(G49,Rechner!$A$17:$A$25,Rechner!$B$17:$B$25) -> 6 | K49: =_xlfn.XLOOKUP(J49-SUMIF($V$31:$AV$31,TRUE,V49:AV49)-IF(D49=TRUE,1,0),Rechner!$B$17:$B$25,Rechner!$A$17:$A$25,"A+") -> E | L49: =_xlfn.XLOOKUP(S49,Eigenschaften!$C$20:$C$27,Eigenschaften!$B$20:$B$27) -> Klugheit | M49: =_xlfn.XLOOKUP(L49,Eigenschaften!$B$20:$B$27,Eigenschaften!$H$20:$H$27,"NaN",1) -> 12 | N49: =_xlfn.XLOOKUP(T49,Eigenschaften!$C$20:$C$27,Eigenschaften!$B$20:$B$27) -> Klugheit | O49: =_xlfn.XLOOKUP(N49,Eigenschaften!$B$20:$B$27,Eigenschaften!$H$20:$H$27,"NaN",1) -> 12 | P49: =_xlfn.XLOOKUP(U49,Eigenschaften!$C$20:$C$27,Eigenschaften!$B$20:$B$27) -> Fingerfertigkeit | Q49: =_xlfn.XLOOKUP(P49,Eigenschaften!$B$20:$B$27,Eigenschaften!$H$20:$H$27,"NaN",1) -> 10 | S49: {=_xlfn.TEXTSPLIT(F49,"/",,,,3)} -> KL | T49: KL | U49: FF | V49: =IF(ISNUMBER(SEARCH(V$32,$H49)),1,0) -> 0 | W49: =IF(ISNUMBER(SEARCH(W$32,$H49)),1,0) -> 0 | X49: =IF(ISNUMBER(SEARCH(X$32,$H49)),1,0) -> 0 | Y49: =IF(ISNUMBER(SEARCH(Y$32,$H49)),1,0) -> 0 | Z49: =IF(ISNUMBER(SEARCH(Z$32,$H49)),1,0) -> 0 | AA49: =IF(ISNUMBER(SEARCH(AA$32,$H49)),1,0) -> 0 | AB49: =IF(ISNUMBER(SEARCH(AB$32,$H49)),1,0) -> 0 | AC49: =IF(ISNUMBER(SEARCH(AC$32,$H49)),1,0) -> 0 | ... AV49: =IF(ISNUMBER(SEARCH(AV$32,$H49)),1,0) -> 0
A50: Archofaxius | B50: =L50&": "&M50&" | "&N50&": "&O50&" | "&P50&": "&Q50 -> Klugheit: 12 | Fingerfertigkeit: 10 | Konstitution: 12 | C50: FALSE | D50: FALSE | E50: =ISNUMBER(FIND($B$1,I50)) -> FALSE | F50: KL/FF/KO | G50: C | H50: Schaden, Elementar (Erz) | I50: Geo2, Mag2, Ach2 | J50: =_xlfn.XLOOKUP(G50,Rechner!$A$17:$A$25,Rechner!$B$17:$B$25) -> 4 | K50: =_xlfn.XLOOKUP(J50-SUMIF($V$31:$AV$31,TRUE,V50:AV50)-IF(D50=TRUE,1,0),Rechner!$B$17:$B$25,Rechner!$A$17:$A$25,"A+") -> C | L50: =_xlfn.XLOOKUP(S50,Eigenschaften!$C$20:$C$27,Eigenschaften!$B$20:$B$27) -> Klugheit | M50: =_xlfn.XLOOKUP(L50,Eigenschaften!$B$20:$B$27,Eigenschaften!$H$20:$H$27,"NaN",1) -> 12 | N50: =_xlfn.XLOOKUP(T50,Eigenschaften!$C$20:$C$27,Eigenschaften!$B$20:$B$27) -> Fingerfertigkeit | O50: =_xlfn.XLOOKUP(N50,Eigenschaften!$B$20:$B$27,Eigenschaften!$H$20:$H$27,"NaN",1) -> 10 | P50: =_xlfn.XLOOKUP(U50,Eigenschaften!$C$20:$C$27,Eigenschaften!$B$20:$B$27) -> Konstitution | Q50: =_xlfn.XLOOKUP(P50,Eigenschaften!$B$20:$B$27,Eigenschaften!$H$20:$H$27,"NaN",1) -> 12 | S50: {=_xlfn.TEXTSPLIT(F50,"/",,,,3)} -> KL | T50: FF | U50: KO | V50: =IF(ISNUMBER(SEARCH(V$32,$H50)),1,0) -> 0 | W50: =IF(ISNUMBER(SEARCH(W$32,$H50)),1,0) -> 0 | X50: =IF(ISNUMBER(SEARCH(X$32,$H50)),1,0) -> 0 | Y50: =IF(ISNUMBER(SEARCH(Y$32,$H50)),1,0) -> 1 | Z50: =IF(ISNUMBER(SEARCH(Z$32,$H50)),1,0) -> 0 | AA50: =IF(ISNUMBER(SEARCH(AA$32,$H50)),1,0) -> 0 | AB50: =IF(ISNUMBER(SEARCH(AB$32,$H50)),1,0) -> 1 | AC50: =IF(ISNUMBER(SEARCH(AC$32,$H50)),1,0) -> 0 | ... AV50: =IF(ISNUMBER(SEARCH(AV$32,$H50)),1,0) -> 0
A51: Archosphaero | B51: =L51&": "&M51&" | "&N51&": "&O51&" | "&P51&": "&Q51 -> Mut: 13 | Intuition: 15 | Konstitution: 12 | C51: FALSE | D51: FALSE | E51: =ISNUMBER(FIND($B$1,I51)) -> FALSE | F51: MU/IN/KO | G51: D | H51: Telekinese, Elementar (Erz), Schaden | I51: Ach2, Mag2, Geo1 | J51: =_xlfn.XLOOKUP(G51,Rechner!$A$17:$A$25,Rechner!$B$17:$B$25) -> 5 | K51: =_xlfn.XLOOKUP(J51-SUMIF($V$31:$AV$31,TRUE,V51:AV51)-IF(D51=TRUE,1,0),Rechner!$B$17:$B$25,Rechner!$A$17:$A$25,"A+") -> D | L51: =_xlfn.XLOOKUP(S51,Eigenschaften!$C$20:$C$27,Eigenschaften!$B$20:$B$27) -> Mut | M51: =_xlfn.XLOOKUP(L51,Eigenschaften!$B$20:$B$27,Eigenschaften!$H$20:$H$27,"NaN",1) -> 13 | N51: =_xlfn.XLOOKUP(T51,Eigenschaften!$C$20:$C$27,Eigenschaften!$B$20:$B$27) -> Intuition | O51: =_xlfn.XLOOKUP(N51,Eigenschaften!$B$20:$B$27,Eigenschaften!$H$20:$H$27,"NaN",1) -> 15 | P51: =_xlfn.XLOOKUP(U51,Eigenschaften!$C$20:$C$27,Eigenschaften!$B$20:$B$27) -> Konstitution | Q51: =_xlfn.XLOOKUP(P51,Eigenschaften!$B$20:$B$27,Eigenschaften!$H$20:$H$27,"NaN",1) -> 12 | S51: {=_xlfn.TEXTSPLIT(F51,"/",,,,3)} -> MU | T51: IN | U51: KO | V51: =IF(ISNUMBER(SEARCH(V$32,$H51)),1,0) -> 0 | W51: =IF(ISNUMBER(SEARCH(W$32,$H51)),1,0) -> 0 | X51: =IF(ISNUMBER(SEARCH(X$32,$H51)),1,0) -> 0 | Y51: =IF(ISNUMBER(SEARCH(Y$32,$H51)),1,0) -> 1 | Z51: =IF(ISNUMBER(SEARCH(Z$32,$H51)),1,0) -> 0 | AA51: =IF(ISNUMBER(SEARCH(AA$32,$H51)),1,0) -> 0 | AB51: =IF(ISNUMBER(SEARCH(AB$32,$H51)),1,0) -> 1 | AC51: =IF(ISNUMBER(SEARCH(AC$32,$H51)),1,0) -> 0 | ... AV51: =IF(ISNUMBER(SEARCH(AV$32,$H51)),1,0) -> 0
A52: Attributo | B52: =L52&": "&M52&" | "&N52&": "&O52&" | "&P52&": "&Q52 -> Klugheit: 12 | Charisma: 15 | *: ? | C52: TRUE | D52: FALSE | E52: =ISNUMBER(FIND($B$1,I52)) -> TRUE | F52: KL/CH/* | G52: B | H52: Eigenschaften | I52: Dru5, Elf5, Geo5, Hex5, Mag5, Ach3, Sch3, Srl3 | J52: =_xlfn.XLOOKUP(G52,Rechner!$A$17:$A$25,Rechner!$B$17:$B$25) -> 3 | K52: =_xlfn.XLOOKUP(J52-SUMIF($V$31:$AV$31,TRUE,V52:AV52)-IF(D52=TRUE,1,0),Rechner!$B$17:$B$25,Rechner!$A$17:$A$25,"A+") -> A | L52: =_xlfn.XLOOKUP(S52,Eigenschaften!$C$20:$C$27,Eigenschaften!$B$20:$B$27) -> Klugheit | M52: =_xlfn.XLOOKUP(L52,Eigenschaften!$B$20:$B$27,Eigenschaften!$H$20:$H$27,"NaN",1) -> 12 | N52: =_xlfn.XLOOKUP(T52,Eigenschaften!$C$20:$C$27,Eigenschaften!$B$20:$B$27) -> Charisma | O52: =_xlfn.XLOOKUP(N52,Eigenschaften!$B$20:$B$27,Eigenschaften!$H$20:$H$27,"NaN",1) -> 15 | P52: * | Q52: ? | S52: {=_xlfn.TEXTSPLIT(F52,"/",,,,3)} -> KL | T52: CH | U52: * | V52: =IF(ISNUMBER(SEARCH(V$32,$H52)),1,0) -> 0 | W52: =IF(ISNUMBER(SEARCH(W$32,$H52)),1,0) -> 0 | X52: =IF(ISNUMBER(SEARCH(X$32,$H52)),1,0) -> 1 | Y52: =IF(ISNUMBER(SEARCH(Y$32,$H52)),1,0) -> 0 | Z52: =IF(ISNUMBER(SEARCH(Z$32,$H52)),1,0) -> 0 | AA52: =IF(ISNUMBER(SEARCH(AA$32,$H52)),1,0) -> 0 | AB52: =IF(ISNUMBER(SEARCH(AB$32,$H52)),1,0) -> 0 | AC52: =IF(ISNUMBER(SEARCH(AC$32,$H52)),1,0) -> 0 | ... AV52: =IF(ISNUMBER(SEARCH(AV$32,$H52)),1,0) -> 0 | AW52: 12 | AX52: 30 Aktionen | AY52: 7 AsP | AZ52: Berührung | BA52: 1 Stunde
A53: Atemnot | B53: =L53&": "&M53&" | "&N53&": "&O53&" | "&P53&": "&Q53 -> Mut: 13 | Konstitution: 12 | Körperkraft: 12 | C53: FALSE | D53: FALSE | E53: =ISNUMBER(FIND($B$1,I53)) -> FALSE | F53: MU/KO/KK | G53: C | H53: Eigenschaften | I53: Dru5, Ach3 | J53: =_xlfn.XLOOKUP(G53,Rechner!$A$17:$A$25,Rechner!$B$17:$B$25) -> 4 | K53: =_xlfn.XLOOKUP(J53-SUMIF($V$31:$AV$31,TRUE,V53:AV53)-IF(D53=TRUE,1,0),Rechner!$B$17:$B$25,Rechner!$A$17:$A$25,"A+") -> B | L53: =_xlfn.XLOOKUP(S53,Eigenschaften!$C$20:$C$27,Eigenschaften!$B$20:$B$27) -> Mut | M53: =_xlfn.XLOOKUP(L53,Eigenschaften!$B$20:$B$27,Eigenschaften!$H$20:$H$27,"NaN",1) -> 13 | N53: =_xlfn.XLOOKUP(T53,Eigenschaften!$C$20:$C$27,Eigenschaften!$B$20:$B$27) -> Konstitution | O53: =_xlfn.XLOOKUP(N53,Eigenschaften!$B$20:$B$27,Eigenschaften!$H$20:$H$27,"NaN",1) -> 12 | P53: =_xlfn.XLOOKUP(U53,Eigenschaften!$C$20:$C$27,Eigenschaften!$B$20:$B$27) -> Körperkraft | Q53: =_xlfn.XLOOKUP(P53,Eigenschaften!$B$20:$B$27,Eigenschaften!$H$20:$H$27,"NaN",1) -> 12 | S53: {=_xlfn.TEXTSPLIT(F53,"/",,,,3)} -> MU | T53: KO | U53: KK | V53: =IF(ISNUMBER(SEARCH(V$32,$H53)),1,0) -> 0 | W53: =IF(ISNUMBER(SEARCH(W$32,$H53)),1,0) -> 0 | X53: =IF(ISNUMBER(SEARCH(X$32,$H53)),1,0) -> 1 | Y53: =IF(ISNUMBER(SEARCH(Y$32,$H53)),1,0) -> 0 | Z53: =IF(ISNUMBER(SEARCH(Z$32,$H53)),1,0) -> 0 | AA53: =IF(ISNUMBER(SEARCH(AA$32,$H53)),1,0) -> 0 | AB53: =IF(ISNUMBER(SEARCH(AB$32,$H53)),1,0) -> 0 | AC53: =IF(ISNUMBER(SEARCH(AC$32,$H53)),1,0) -> 0 | ... AV53: =IF(ISNUMBER(SEARCH(AV$32,$H53)),1,0) -> 0
A54: Krötensprung | B54: =L54&": "&M54&" | "&N54&": "&O54&" | "&P54&": "&Q54 -> Intuition: 15 | Gewandheit: 14 | Körperkraft: 12 | C54: TRUE | D54: FALSE | E54: =ISNUMBER(FIND($B$1,I54)) -> TRUE | F54: IN/GE/KK | G54: B | H54: Eigenschaften | I54: Hex4, Ach3, Elf3 | J54: =_xlfn.XLOOKUP(G54,Rechner!$A$17:$A$25,Rechner!$B$17:$B$25) -> 3 | K54: =_xlfn.XLOOKUP(J54-SUMIF($V$31:$AV$31,TRUE,V54:AV54)-IF(D54=TRUE,1,0),Rechner!$B$17:$B$25,Rechner!$A$17:$A$25,"A+") -> A | L54: =_xlfn.XLOOKUP(S54,Eigenschaften!$C$20:$C$27,Eigenschaften!$B$20:$B$27) -> Intuition | M54: =_xlfn.XLOOKUP(L54,Eigenschaften!$B$20:$B$27,Eigenschaften!$H$20:$H$27,"NaN",1) -> 15 | N54: =_xlfn.XLOOKUP(T54,Eigenschaften!$C$20:$C$27,Eigenschaften!$B$20:$B$27) -> Gewandheit | O54: =_xlfn.XLOOKUP(N54,Eigenschaften!$B$20:$B$27,Eigenschaften!$H$20:$H$27,"NaN",1) -> 14 | P54: =_xlfn.XLOOKUP(U54,Eigenschaften!$C$20:$C$27,Eigenschaften!$B$20:$B$27) -> Körperkraft | Q54: =_xlfn.XLOOKUP(P54,Eigenschaften!$B$20:$B$27,Eigenschaften!$H$20:$H$27,"NaN",1) -> 12 | S54: {=_xlfn.TEXTSPLIT(F54,"/",,,,3)} -> IN | T54: GE | U54: KK | V54: =IF(ISNUMBER(SEARCH(V$32,$H54)),1,0) -> 0 | W54: =IF(ISNUMBER(SEARCH(W$32,$H54)),1,0) -> 0 | X54: =IF(ISNUMBER(SEARCH(X$32,$H54)),1,0) -> 1 | Y54: =IF(ISNUMBER(SEARCH(Y$32,$H54)),1,0) -> 0 | Z54: =IF(ISNUMBER(SEARCH(Z$32,$H54)),1,0) -> 0 | AA54: =IF(ISNUMBER(SEARCH(AA$32,$H54)),1,0) -> 0 | AB54: =IF(ISNUMBER(SEARCH(AB$32,$H54)),1,0) -> 0 | AC54: =IF(ISNUMBER(SEARCH(AC$32,$H54)),1,0) -> 0 | ... AV54: =IF(ISNUMBER(SEARCH(AV$32,$H54)),1,0) -> 0 | AW54: 10 | AX54: 7 Aktionen | AY54: 3 AsP | AZ54: selbst, Berührung | BA54: augenblicklich
A55: Aufgeblasen Abgehoben | B55: =L55&": "&M55&" | "&N55&": "&O55&" | "&P55&": "&Q55 -> Charisma: 15 | Konstitution: 12 | Körperkraft: 12 | C55: FALSE | D55: FALSE | E55: =ISNUMBER(FIND($B$1,I55)) -> FALSE | F55: CH/KO/KK | G55: C | H55: Form, Elementar (Luft) | I55: Sch5 | J55: =_xlfn.XLOOKUP(G55,Rechner!$A$17:$A$25,Rechner!$B$17:$B$25) -> 4 | K55: =_xlfn.XLOOKUP(J55-SUMIF($V$31:$AV$31,TRUE,V55:AV55)-IF(D55=TRUE,1,0),Rechner!$B$17:$B$25,Rechner!$A$17:$A$25,"A+") -> C | L55: =_xlfn.XLOOKUP(S55,Eigenschaften!$C$20:$C$27,Eigenschaften!$B$20:$B$27) -> Charisma | M55: =_xlfn.XLOOKUP(L55,Eigenschaften!$B$20:$B$27,Eigenschaften!$H$20:$H$27,"NaN",1) -> 15 | N55: =_xlfn.XLOOKUP(T55,Eigenschaften!$C$20:$C$27,Eigenschaften!$B$20:$B$27) -> Konstitution | O55: =_xlfn.XLOOKUP(N55,Eigenschaften!$B$20:$B$27,Eigenschaften!$H$20:$H$27,"NaN",1) -> 12 | P55: =_xlfn.XLOOKUP(U55,Eigenschaften!$C$20:$C$27,Eigenschaften!$B$20:$B$27) -> Körperkraft | Q55: =_xlfn.XLOOKUP(P55,Eigenschaften!$B$20:$B$27,Eigenschaften!$H$20:$H$27,"NaN",1) -> 12 | S55: {=_xlfn.TEXTSPLIT(F55,"/",,,,3)} -> CH | T55: KO | U55: KK | V55: =IF(ISNUMBER(SEARCH(V$32,$H55)),1,0) -> 0 | W55: =IF(ISNUMBER(SEARCH(W$32,$H55)),1,0) -> 0 | X55: =IF(ISNUMBER(SEARCH(X$32,$H55)),1,0) -> 0 | Y55: =IF(ISNUMBER(SEARCH(Y$32,$H55)),1,0) -> 1 | Z55: =IF(ISNUMBER(SEARCH(Z$32,$H55)),1,0) -> 0 | AA55: =IF(ISNUMBER(SEARCH(AA$32,$H55)),1,0) -> 0 | AB55: =IF(ISNUMBER(SEARCH(AB$32,$H55)),1,0) -> 0 | AC55: =IF(ISNUMBER(SEARCH(AC$32,$H55)),1,0) -> 0 | ... AV55: =IF(ISNUMBER(SEARCH(AV$32,$H55)),1,0) -> 0
A56: Auge des Limbus | B56: =L56&": "&M56&" | "&N56&": "&O56&" | "&P56&": "&Q56 -> Mut: 13 | Konstitution: 12 | Körperkraft: 12 | C56: FALSE | D56: FALSE | E56: =ISNUMBER(FIND($B$1,I56)) -> FALSE | F56: MU/KO/KK | G56: E | H56: Limbus, Kraft | I56: Mag2, Ach1 | J56: =_xlfn.XLOOKUP(G56,Rechner!$A$17:$A$25,Rechner!$B$17:$B$25) -> 6 | K56: =_xlfn.XLOOKUP(J56-SUMIF($V$31:$AV$31,TRUE,V56:AV56)-IF(D56=TRUE,1,0),Rechner!$B$17:$B$25,Rechner!$A$17:$A$25,"A+") -> E | L56: =_xlfn.XLOOKUP(S56,Eigenschaften!$C$20:$C$27,Eigenschaften!$B$20:$B$27) -> Mut | M56: =_xlfn.XLOOKUP(L56,Eigenschaften!$B$20:$B$27,Eigenschaften!$H$20:$H$27,"NaN",1) -> 13 | N56: =_xlfn.XLOOKUP(T56,Eigenschaften!$C$20:$C$27,Eigenschaften!$B$20:$B$27) -> Konstitution | O56: =_xlfn.XLOOKUP(N56,Eigenschaften!$B$20:$B$27,Eigenschaften!$H$20:$H$27,"NaN",1) -> 12 | P56: =_xlfn.XLOOKUP(U56,Eigenschaften!$C$20:$C$27,Eigenschaften!$B$20:$B$27) -> Körperkraft | Q56: =_xlfn.XLOOKUP(P56,Eigenschaften!$B$20:$B$27,Eigenschaften!$H$20:$H$27,"NaN",1) -> 12 | S56: {=_xlfn.TEXTSPLIT(F56,"/",,,,3)} -> MU | T56: KO | U56: KK | V56: =IF(ISNUMBER(SEARCH(V$32,$H56)),1,0) -> 0 | W56: =IF(ISNUMBER(SEARCH(W$32,$H56)),1,0) -> 0 | X56: =IF(ISNUMBER(SEARCH(X$32,$H56)),1,0) -> 0 | Y56: =IF(ISNUMBER(SEARCH(Y$32,$H56)),1,0) -> 0 | Z56: =IF(ISNUMBER(SEARCH(Z$32,$H56)),1,0) -> 0 | AA56: =IF(ISNUMBER(SEARCH(AA$32,$H56)),1,0) -> 0 | AB56: =IF(ISNUMBER(SEARCH(AB$32,$H56)),1,0) -> 0 | AC56: =IF(ISNUMBER(SEARCH(AC$32,$H56)),1,0) -> 0 | ... AV56: =IF(ISNUMBER(SEARCH(AV$32,$H56)),1,0) -> 0
A57: Aureolus Güldenglanz | B57: =L57&": "&M57&" | "&N57&": "&O57&" | "&P57&": "&Q57 -> Intuition: 15 | Charisma: 15 | Fingerfertigkeit: 10 | C57: FALSE | D57: FALSE | E57: =ISNUMBER(FIND($B$1,I57)) -> FALSE | F57: IN/CH/FF | G57: A | H57: Illusion | I57: Srl6, Mag4 | J57: =_xlfn.XLOOKUP(G57,Rechner!$A$17:$A$25,Rechner!$B$17:$B$25) -> 2 | K57: =_xlfn.XLOOKUP(J57-SUMIF($V$31:$AV$31,TRUE,V57:AV57)-IF(D57=TRUE,1,0),Rechner!$B$17:$B$25,Rechner!$A$17:$A$25,"A+") -> A | L57: =_xlfn.XLOOKUP(S57,Eigenschaften!$C$20:$C$27,Eigenschaften!$B$20:$B$27) -> Intuition | M57: =_xlfn.XLOOKUP(L57,Eigenschaften!$B$20:$B$27,Eigenschaften!$H$20:$H$27,"NaN",1) -> 15 | N57: =_xlfn.XLOOKUP(T57,Eigenschaften!$C$20:$C$27,Eigenschaften!$B$20:$B$27) -> Charisma | O57: =_xlfn.XLOOKUP(N57,Eigenschaften!$B$20:$B$27,Eigenschaften!$H$20:$H$27,"NaN",1) -> 15 | P57: =_xlfn.XLOOKUP(U57,Eigenschaften!$C$20:$C$27,Eigenschaften!$B$20:$B$27) -> Fingerfertigkeit | Q57: =_xlfn.XLOOKUP(P57,Eigenschaften!$B$20:$B$27,Eigenschaften!$H$20:$H$27,"NaN",1) -> 10 | S57: {=_xlfn.TEXTSPLIT(F57,"/",,,,3)} -> IN | T57: CH | U57: FF | V57: =IF(ISNUMBER(SEARCH(V$32,$H57)),1,0) -> 0 | W57: =IF(ISNUMBER(SEARCH(W$32,$H57)),1,0) -> 0 | X57: =IF(ISNUMBER(SEARCH(X$32,$H57)),1,0) -> 0 | Y57: =IF(ISNUMBER(SEARCH(Y$32,$H57)),1,0) -> 0 | Z57: =IF(ISNUMBER(SEARCH(Z$32,$H57)),1,0) -> 0 | AA57: =IF(ISNUMBER(SEARCH(AA$32,$H57)),1,0) -> 0 | AB57: =IF(ISNUMBER(SEARCH(AB$32,$H57)),1,0) -> 0 | AC57: =IF(ISNUMBER(SEARCH(AC$32,$H57)),1,0) -> 0 | ... AV57: =IF(ISNUMBER(SEARCH(AV$32,$H57)),1,0) -> 0
A58: Auris Nasus Oculus | B58: =L58&": "&M58&" | "&N58&": "&O58&" | "&P58&": "&Q58 -> Klugheit: 12 | Charisma: 15 | Fingerfertigkeit: 10 | C58: FALSE | D58: FALSE | E58: =ISNUMBER(FIND($B$1,I58)) -> FALSE | F58: KL/CH/FF | G58: D | H58: Illusion | I58: Mag5, Srl5 | J58: =_xlfn.XLOOKUP(G58,Rechner!$A$17:$A$25,Rechner!$B$17:$B$25) -> 5 | K58: =_xlfn.XLOOKUP(J58-SUMIF($V$31:$AV$31,TRUE,V58:AV58)-IF(D58=TRUE,1,0),Rechner!$B$17:$B$25,Rechner!$A$17:$A$25,"A+") -> D | L58: =_xlfn.XLOOKUP(S58,Eigenschaften!$C$20:$C$27,Eigenschaften!$B$20:$B$27) -> Klugheit | M58: =_xlfn.XLOOKUP(L58,Eigenschaften!$B$20:$B$27,Eigenschaften!$H$20:$H$27,"NaN",1) -> 12 | N58: =_xlfn.XLOOKUP(T58,Eigenschaften!$C$20:$C$27,Eigenschaften!$B$20:$B$27) -> Charisma | O58: =_xlfn.XLOOKUP(N58,Eigenschaften!$B$20:$B$27,Eigenschaften!$H$20:$H$27,"NaN",1) -> 15 | P58: =_xlfn.XLOOKUP(U58,Eigenschaften!$C$20:$C$27,Eigenschaften!$B$20:$B$27) -> Fingerfertigkeit | Q58: =_xlfn.XLOOKUP(P58,Eigenschaften!$B$20:$B$27,Eigenschaften!$H$20:$H$27,"NaN",1) -> 10 | S58: {=_xlfn.TEXTSPLIT(F58,"/",,,,3)} -> KL | T58: CH | U58: FF | V58: =IF(ISNUMBER(SEARCH(V$32,$H58)),1,0) -> 0 | W58: =IF(ISNUMBER(SEARCH(W$32,$H58)),1,0) -> 0 | X58: =IF(ISNUMBER(SEARCH(X$32,$H58)),1,0) -> 0 | Y58: =IF(ISNUMBER(SEARCH(Y$32,$H58)),1,0) -> 0 | Z58: =IF(ISNUMBER(SEARCH(Z$32,$H58)),1,0) -> 0 | AA58: =IF(ISNUMBER(SEARCH(AA$32,$H58)),1,0) -> 0 | AB58: =IF(ISNUMBER(SEARCH(AB$32,$H58)),1,0) -> 0 | AC58: =IF(ISNUMBER(SEARCH(AC$32,$H58)),1,0) -> 0 | ... AV58: =IF(ISNUMBER(SEARCH(AV$32,$H58)),1,0) -> 0
A59: Axxeleratus Blitzgeschwind | B59: =L59&": "&M59&" | "&N59&": "&O59&" | "&P59&": "&Q59 -> Klugheit: 12 | Gewandheit: 14 | Konstitution: 12 | C59: FALSE | D59: FALSE | E59: =ISNUMBER(FIND($B$1,I59)) -> FALSE | F59: KL/GE/KO | G59: C | H59: Eigenschaften | I59: Elf6, Ach5, Sch5, Mag3 | J59: =_xlfn.XLOOKUP(G59,Rechner!$A$17:$A$25,Rechner!$B$17:$B$25) -> 4 | K59: =_xlfn.XLOOKUP(J59-SUMIF($V$31:$AV$31,TRUE,V59:AV59)-IF(D59=TRUE,1,0),Rechner!$B$17:$B$25,Rechner!$A$17:$A$25,"A+") -> B | L59: =_xlfn.XLOOKUP(S59,Eigenschaften!$C$20:$C$27,Eigenschaften!$B$20:$B$27) -> Klugheit | M59: =_xlfn.XLOOKUP(L59,Eigenschaften!$B$20:$B$27,Eigenschaften!$H$20:$H$27,"NaN",1) -> 12 | N59: =_xlfn.XLOOKUP(T59,Eigenschaften!$C$20:$C$27,Eigenschaften!$B$20:$B$27) -> Gewandheit | O59: =_xlfn.XLOOKUP(N59,Eigenschaften!$B$20:$B$27,Eigenschaften!$H$20:$H$27,"NaN",1) -> 14 | P59: =_xlfn.XLOOKUP(U59,Eigenschaften!$C$20:$C$27,Eigenschaften!$B$20:$B$27) -> Konstitution | Q59: =_xlfn.XLOOKUP(P59,Eigenschaften!$B$20:$B$27,Eigenschaften!$H$20:$H$27,"NaN",1) -> 12 | S59: {=_xlfn.TEXTSPLIT(F59,"/",,,,3)} -> KL | T59: GE | U59: KO | V59: =IF(ISNUMBER(SEARCH(V$32,$H59)),1,0) -> 0 | W59: =IF(ISNUMBER(SEARCH(W$32,$H59)),1,0) -> 0 | X59: =IF(ISNUMBER(SEARCH(X$32,$H59)),1,0) -> 1 | Y59: =IF(ISNUMBER(SEARCH(Y$32,$H59)),1,0) -> 0 | Z59: =IF(ISNUMBER(SEARCH(Z$32,$H59)),1,0) -> 0 | AA59: =IF(ISNUMBER(SEARCH(AA$32,$H59)),1,0) -> 0 | AB59: =IF(ISNUMBER(SEARCH(AB$32,$H59)),1,0) -> 0 | AC59: =IF(ISNUMBER(SEARCH(AC$32,$H59)),1,0) -> 0 | ... AV59: =IF(ISNUMBER(SEARCH(AV$32,$H59)),1,0) -> 0
A60: Radau | B60: =L60&": "&M60&" | "&N60&": "&O60&" | "&P60&": "&Q60 -> Mut: 13 | Charisma: 15 | Konstitution: 12 | C60: TRUE | D60: TRUE | E60: =ISNUMBER(FIND($B$1,I60)) -> TRUE | F60: MU/CH/KO | G60: C | H60: Elementar (Luft), Telekinese | I60: Hex6 | J60: =_xlfn.XLOOKUP(G60,Rechner!$A$17:$A$25,Rechner!$B$17:$B$25) -> 4 | K60: =_xlfn.XLOOKUP(J60-SUMIF($V$31:$AV$31,TRUE,V60:AV60)-IF(D60=TRUE,1,0),Rechner!$B$17:$B$25,Rechner!$A$17:$A$25,"A+") -> B | L60: =_xlfn.XLOOKUP(S60,Eigenschaften!$C$20:$C$27,Eigenschaften!$B$20:$B$27) -> Mut | M60: =_xlfn.XLOOKUP(L60,Eigenschaften!$B$20:$B$27,Eigenschaften!$H$20:$H$27,"NaN",1) -> 13 | N60: =_xlfn.XLOOKUP(T60,Eigenschaften!$C$20:$C$27,Eigenschaften!$B$20:$B$27) -> Charisma | O60: =_xlfn.XLOOKUP(N60,Eigenschaften!$B$20:$B$27,Eigenschaften!$H$20:$H$27,"NaN",1) -> 15 | P60: =_xlfn.XLOOKUP(U60,Eigenschaften!$C$20:$C$27,Eigenschaften!$B$20:$B$27) -> Konstitution | Q60: =_xlfn.XLOOKUP(P60,Eigenschaften!$B$20:$B$27,Eigenschaften!$H$20:$H$27,"NaN",1) -> 12 | S60: {=_xlfn.TEXTSPLIT(F60,"/",,,,3)} -> MU | T60: CH | U60: KO | V60: =IF(ISNUMBER(SEARCH(V$32,$H60)),1,0) -> 0 | W60: =IF(ISNUMBER(SEARCH(W$32,$H60)),1,0) -> 0 | X60: =IF(ISNUMBER(SEARCH(X$32,$H60)),1,0) -> 0 | Y60: =IF(ISNUMBER(SEARCH(Y$32,$H60)),1,0) -> 1 | Z60: =IF(ISNUMBER(SEARCH(Z$32,$H60)),1,0) -> 0 | AA60: =IF(ISNUMBER(SEARCH(AA$32,$H60)),1,0) -> 0 | AB60: =IF(ISNUMBER(SEARCH(AB$32,$H60)),1,0) -> 0 | AC60: =IF(ISNUMBER(SEARCH(AC$32,$H60)),1,0) -> 0 | ... AV60: =IF(ISNUMBER(SEARCH(AV$32,$H60)),1,0) -> 0 | AW60: 10 | AX60: 4 Aktionen | AY60: 5 AsP + 1 AsP KR | AZ60: 21 Schritt | BA60: AsP oder CH
A61: Band und Fessel | B61: =L61&": "&M61&" | "&N61&": "&O61&" | "&P61&": "&Q61 -> Klugheit: 12 | Charisma: 15 | Körperkraft: 12 | C61: FALSE | D61: FALSE | E61: =ISNUMBER(FIND($B$1,I61)) -> TRUE | F61: KL/CH/KK | G61: C | H61: Einfluss | I61: Elf5, Hex4, Dru3, Mag3, Ach2, Bor2, Geo2 | J61: =_xlfn.XLOOKUP(G61,Rechner!$A$17:$A$25,Rechner!$B$17:$B$25) -> 4 | K61: =_xlfn.XLOOKUP(J61-SUMIF($V$31:$AV$31,TRUE,V61:AV61)-IF(D61=TRUE,1,0),Rechner!$B$17:$B$25,Rechner!$A$17:$A$25,"A+") -> B | L61: =_xlfn.XLOOKUP(S61,Eigenschaften!$C$20:$C$27,Eigenschaften!$B$20:$B$27) -> Klugheit | M61: =_xlfn.XLOOKUP(L61,Eigenschaften!$B$20:$B$27,Eigenschaften!$H$20:$H$27,"NaN",1) -> 12 | N61: =_xlfn.XLOOKUP(T61,Eigenschaften!$C$20:$C$27,Eigenschaften!$B$20:$B$27) -> Charisma | O61: =_xlfn.XLOOKUP(N61,Eigenschaften!$B$20:$B$27,Eigenschaften!$H$20:$H$27,"NaN",1) -> 15 | P61: =_xlfn.XLOOKUP(U61,Eigenschaften!$C$20:$C$27,Eigenschaften!$B$20:$B$27) -> Körperkraft | Q61: =_xlfn.XLOOKUP(P61,Eigenschaften!$B$20:$B$27,Eigenschaften!$H$20:$H$27,"NaN",1) -> 12 | S61: {=_xlfn.TEXTSPLIT(F61,"/",,,,3)} -> KL | T61: CH | U61: KK | V61: =IF(ISNUMBER(SEARCH(V$32,$H61)),1,0) -> 0 | W61: =IF(ISNUMBER(SEARCH(W$32,$H61)),1,0) -> 0 | X61: =IF(ISNUMBER(SEARCH(X$32,$H61)),1,0) -> 0 | Y61: =IF(ISNUMBER(SEARCH(Y$32,$H61)),1,0) -> 0 | Z61: =IF(ISNUMBER(SEARCH(Z$32,$H61)),1,0) -> 0 | AA61: =IF(ISNUMBER(SEARCH(AA$32,$H61)),1,0) -> 0 | AB61: =IF(ISNUMBER(SEARCH(AB$32,$H61)),1,0) -> 0 | AC61: =IF(ISNUMBER(SEARCH(AC$32,$H61)),1,0) -> 0 | ... AV61: =IF(ISNUMBER(SEARCH(AV$32,$H61)),1,0) -> 0
A62: Bannbaladin | B62: =L62&": "&M62&" | "&N62&": "&O62&" | "&P62&": "&Q62 -> Intuition: 15 | Charisma: 15 | Charisma: 15 | C62: TRUE | D62: FALSE | E62: =ISNUMBER(FIND($B$1,I62)) -> TRUE | F62: IN/CH/CH | G62: B | H62: Einfluss | I62: Elf7, Mag6, Dru3, Hex3, Srl(Mag)3 | J62: =_xlfn.XLOOKUP(G62,Rechner!$A$17:$A$25,Rechner!$B$17:$B$25) -> 3 | K62: =_xlfn.XLOOKUP(J62-SUMIF($V$31:$AV$31,TRUE,V62:AV62)-IF(D62=TRUE,1,0),Rechner!$B$17:$B$25,Rechner!$A$17:$A$25,"A+") -> A | L62: =_xlfn.XLOOKUP(S62,Eigenschaften!$C$20:$C$27,Eigenschaften!$B$20:$B$27) -> Intuition | M62: =_xlfn.XLOOKUP(L62,Eigenschaften!$B$20:$B$27,Eigenschaften!$H$20:$H$27,"NaN",1) -> 15 | N62: =_xlfn.XLOOKUP(T62,Eigenschaften!$C$20:$C$27,Eigenschaften!$B$20:$B$27) -> Charisma | O62: =_xlfn.XLOOKUP(N62,Eigenschaften!$B$20:$B$27,Eigenschaften!$H$20:$H$27,"NaN",1) -> 15 | P62: =_xlfn.XLOOKUP(U62,Eigenschaften!$C$20:$C$27,Eigenschaften!$B$20:$B$27) -> Charisma | Q62: =_xlfn.XLOOKUP(P62,Eigenschaften!$B$20:$B$27,Eigenschaften!$H$20:$H$27,"NaN",1) -> 15 | S62: {=_xlfn.TEXTSPLIT(F62,"/",,,,3)} -> IN | T62: CH | U62: CH | V62: =IF(ISNUMBER(SEARCH(V$32,$H62)),1,0) -> 0 | W62: =IF(ISNUMBER(SEARCH(W$32,$H62)),1,0) -> 0 | X62: =IF(ISNUMBER(SEARCH(X$32,$H62)),1,0) -> 0 | Y62: =IF(ISNUMBER(SEARCH(Y$32,$H62)),1,0) -> 0 | Z62: =IF(ISNUMBER(SEARCH(Z$32,$H62)),1,0) -> 0 | AA62: =IF(ISNUMBER(SEARCH(AA$32,$H62)),1,0) -> 0 | AB62: =IF(ISNUMBER(SEARCH(AB$32,$H62)),1,0) -> 0 | AC62: =IF(ISNUMBER(SEARCH(AC$32,$H62)),1,0) -> 0 | ... AV62: =IF(ISNUMBER(SEARCH(AV$32,$H62)),1,0) -> 0 | AW62: 9 | AX62: 5 Aktionen | AY62: 7 AsP | AZ62: 3 Schrtitt | BA62: ZfP* SR
A63: Bärenruhe Winterschlaf | B63: =L63&": "&M63&" | "&N63&": "&O63&" | "&P63&": "&Q63 -> Mut: 13 | Körperkraft: 12 | Konstitution: 12 | C63: FALSE | D63: FALSE | E63: =ISNUMBER(FIND($B$1,I63)) -> FALSE | F63: MU/KK/KO | G63: D | H63: Form | I63: Elf4, Ach3, Mag(Elf)3 | J63: =_xlfn.XLOOKUP(G63,Rechner!$A$17:$A$25,Rechner!$B$17:$B$25) -> 5 | K63: =_xlfn.XLOOKUP(J63-SUMIF($V$31:$AV$31,TRUE,V63:AV63)-IF(D63=TRUE,1,0),Rechner!$B$17:$B$25,Rechner!$A$17:$A$25,"A+") -> D | L63: =_xlfn.XLOOKUP(S63,Eigenschaften!$C$20:$C$27,Eigenschaften!$B$20:$B$27) -> Mut | M63: =_xlfn.XLOOKUP(L63,Eigenschaften!$B$20:$B$27,Eigenschaften!$H$20:$H$27,"NaN",1) -> 13 | N63: =_xlfn.XLOOKUP(T63,Eigenschaften!$C$20:$C$27,Eigenschaften!$B$20:$B$27) -> Körperkraft | O63: =_xlfn.XLOOKUP(N63,Eigenschaften!$B$20:$B$27,Eigenschaften!$H$20:$H$27,"NaN",1) -> 12 | P63: =_xlfn.XLOOKUP(U63,Eigenschaften!$C$20:$C$27,Eigenschaften!$B$20:$B$27) -> Konstitution | Q63: =_xlfn.XLOOKUP(P63,Eigenschaften!$B$20:$B$27,Eigenschaften!$H$20:$H$27,"NaN",1) -> 12 | S63: {=_xlfn.TEXTSPLIT(F63,"/",,,,3)} -> MU | T63: KK | U63: KO | V63: =IF(ISNUMBER(SEARCH(V$32,$H63)),1,0) -> 0 | W63: =IF(ISNUMBER(SEARCH(W$32,$H63)),1,0) -> 0 | X63: =IF(ISNUMBER(SEARCH(X$32,$H63)),1,0) -> 0 | Y63: =IF(ISNUMBER(SEARCH(Y$32,$H63)),1,0) -> 0 | Z63: =IF(ISNUMBER(SEARCH(Z$32,$H63)),1,0) -> 0 | AA63: =IF(ISNUMBER(SEARCH(AA$32,$H63)),1,0) -> 0 | AB63: =IF(ISNUMBER(SEARCH(AB$32,$H63)),1,0) -> 0 | AC63: =IF(ISNUMBER(SEARCH(AC$32,$H63)),1,0) -> 0 | ... AV63: =IF(ISNUMBER(SEARCH(AV$32,$H63)),1,0) -> 0
A64: Beherrschung brechen | B64: =L64&": "&M64&" | "&N64&": "&O64&" | "&P64&": "&Q64 -> Klugheit: 12 | Intuition: 15 | Charisma: 15 | C64: FALSE | D64: FALSE | E64: =ISNUMBER(FIND($B$1,I64)) -> TRUE | F64: KL/IN/CH | G64: C | H64: Antimagie, Herrschaft | I64: Dru7, Geo6, Mag6, Hex5, Ach4, Elf4 | J64: =_xlfn.XLOOKUP(G64,Rechner!$A$17:$A$25,Rechner!$B$17:$B$25) -> 4 | K64: =_xlfn.XLOOKUP(J64-SUMIF($V$31:$AV$31,TRUE,V64:AV64)-IF(D64=TRUE,1,0),Rechner!$B$17:$B$25,Rechner!$A$17:$A$25,"A+") -> C | L64: =_xlfn.XLOOKUP(S64,Eigenschaften!$C$20:$C$27,Eigenschaften!$B$20:$B$27) -> Klugheit | M64: =_xlfn.XLOOKUP(L64,Eigenschaften!$B$20:$B$27,Eigenschaften!$H$20:$H$27,"NaN",1) -> 12 | N64: =_xlfn.XLOOKUP(T64,Eigenschaften!$C$20:$C$27,Eigenschaften!$B$20:$B$27) -> Intuition | O64: =_xlfn.XLOOKUP(N64,Eigenschaften!$B$20:$B$27,Eigenschaften!$H$20:$H$27,"NaN",1) -> 15 | P64: =_xlfn.XLOOKUP(U64,Eigenschaften!$C$20:$C$27,Eigenschaften!$B$20:$B$27) -> Charisma | Q64: =_xlfn.XLOOKUP(P64,Eigenschaften!$B$20:$B$27,Eigenschaften!$H$20:$H$27,"NaN",1) -> 15 | S64: {=_xlfn.TEXTSPLIT(F64,"/",,,,3)} -> KL | T64: IN | U64: CH | V64: =IF(ISNUMBER(SEARCH(V$32,$H64)),1,0) -> 1 | W64: =IF(ISNUMBER(SEARCH(W$32,$H64)),1,0) -> 0 | X64: =IF(ISNUMBER(SEARCH(X$32,$H64)),1,0) -> 0 | Y64: =IF(ISNUMBER(SEARCH(Y$32,$H64)),1,0) -> 0 | Z64: =IF(ISNUMBER(SEARCH(Z$32,$H64)),1,0) -> 0 | AA64: =IF(ISNUMBER(SEARCH(AA$32,$H64)),1,0) -> 0 | AB64: =IF(ISNUMBER(SEARCH(AB$32,$H64)),1,0) -> 0 | AC64: =IF(ISNUMBER(SEARCH(AC$32,$H64)),1,0) -> 0 | ... AV64: =IF(ISNUMBER(SEARCH(AV$32,$H64)),1,0) -> 0
A65: Beschwörung vereiteln | B65: =L65&": "&M65&" | "&N65&": "&O65&" | "&P65&": "&Q65 -> Mut: 13 | Intuition: 15 | Charisma: 15 | C65: FALSE | D65: FALSE | E65: =ISNUMBER(FIND($B$1,I65)) -> TRUE | F65: MU/IN/CH | G65: C | H65: Antimagie, Beschwörung | I65: Mag3, Dru2, Hex2, Elf(Mag)2, Geo(Mag)2 | J65: =_xlfn.XLOOKUP(G65,Rechner!$A$17:$A$25,Rechner!$B$17:$B$25) -> 4 | K65: =_xlfn.XLOOKUP(J65-SUMIF($V$31:$AV$31,TRUE,V65:AV65)-IF(D65=TRUE,1,0),Rechner!$B$17:$B$25,Rechner!$A$17:$A$25,"A+") -> C | L65: =_xlfn.XLOOKUP(S65,Eigenschaften!$C$20:$C$27,Eigenschaften!$B$20:$B$27) -> Mut | M65: =_xlfn.XLOOKUP(L65,Eigenschaften!$B$20:$B$27,Eigenschaften!$H$20:$H$27,"NaN",1) -> 13 | N65: =_xlfn.XLOOKUP(T65,Eigenschaften!$C$20:$C$27,Eigenschaften!$B$20:$B$27) -> Intuition | O65: =_xlfn.XLOOKUP(N65,Eigenschaften!$B$20:$B$27,Eigenschaften!$H$20:$H$27,"NaN",1) -> 15 | P65: =_xlfn.XLOOKUP(U65,Eigenschaften!$C$20:$C$27,Eigenschaften!$B$20:$B$27) -> Charisma | Q65: =_xlfn.XLOOKUP(P65,Eigenschaften!$B$20:$B$27,Eigenschaften!$H$20:$H$27,"NaN",1) -> 15 | S65: {=_xlfn.TEXTSPLIT(F65,"/",,,,3)} -> MU | T65: IN | U65: CH | V65: =IF(ISNUMBER(SEARCH(V$32,$H65)),1,0) -> 1 | W65: =IF(ISNUMBER(SEARCH(W$32,$H65)),1,0) -> 1 | X65: =IF(ISNUMBER(SEARCH(X$32,$H65)),1,0) -> 0 | Y65: =IF(ISNUMBER(SEARCH(Y$32,$H65)),1,0) -> 0 | Z65: =IF(ISNUMBER(SEARCH(Z$32,$H65)),1,0) -> 0 | AA65: =IF(ISNUMBER(SEARCH(AA$32,$H65)),1,0) -> 0 | AB65: =IF(ISNUMBER(SEARCH(AB$32,$H65)),1,0) -> 0 | AC65: =IF(ISNUMBER(SEARCH(AC$32,$H65)),1,0) -> 0 | ... AV65: =IF(ISNUMBER(SEARCH(AV$32,$H65)),1,0) -> 0
A66: Bewegung stören | B66: =L66&": "&M66&" | "&N66&": "&O66&" | "&P66&": "&Q66 -> Klugheit: 12 | Intuition: 15 | Fingerfertigkeit: 10 | C66: FALSE | D66: FALSE | E66: =ISNUMBER(FIND($B$1,I66)) -> TRUE | F66: KL/IN/FF | G66: C | H66: Antimagie, Telekinese | I66: Mag5, Elf4, Sch4, Hex3 | J66: =_xlfn.XLOOKUP(G66,Rechner!$A$17:$A$25,Rechner!$B$17:$B$25) -> 4 | K66: =_xlfn.XLOOKUP(J66-SUMIF($V$31:$AV$31,TRUE,V66:AV66)-IF(D66=TRUE,1,0),Rechner!$B$17:$B$25,Rechner!$A$17:$A$25,"A+") -> C | L66: =_xlfn.XLOOKUP(S66,Eigenschaften!$C$20:$C$27,Eigenschaften!$B$20:$B$27) -> Klugheit | M66: =_xlfn.XLOOKUP(L66,Eigenschaften!$B$20:$B$27,Eigenschaften!$H$20:$H$27,"NaN",1) -> 12 | N66: =_xlfn.XLOOKUP(T66,Eigenschaften!$C$20:$C$27,Eigenschaften!$B$20:$B$27) -> Intuition | O66: =_xlfn.XLOOKUP(N66,Eigenschaften!$B$20:$B$27,Eigenschaften!$H$20:$H$27,"NaN",1) -> 15 | P66: =_xlfn.XLOOKUP(U66,Eigenschaften!$C$20:$C$27,Eigenschaften!$B$20:$B$27) -> Fingerfertigkeit | Q66: =_xlfn.XLOOKUP(P66,Eigenschaften!$B$20:$B$27,Eigenschaften!$H$20:$H$27,"NaN",1) -> 10 | S66: {=_xlfn.TEXTSPLIT(F66,"/",,,,3)} -> KL | T66: IN | U66: FF | V66: =IF(ISNUMBER(SEARCH(V$32,$H66)),1,0) -> 1 | W66: =IF(ISNUMBER(SEARCH(W$32,$H66)),1,0) -> 0 | X66: =IF(ISNUMBER(SEARCH(X$32,$H66)),1,0) -> 0 | Y66: =IF(ISNUMBER(SEARCH(Y$32,$H66)),1,0) -> 0 | Z66: =IF(ISNUMBER(SEARCH(Z$32,$H66)),1,0) -> 0 | AA66: =IF(ISNUMBER(SEARCH(AA$32,$H66)),1,0) -> 0 | AB66: =IF(ISNUMBER(SEARCH(AB$32,$H66)),1,0) -> 0 | AC66: =IF(ISNUMBER(SEARCH(AC$32,$H66)),1,0) -> 0 | ... AV66: =IF(ISNUMBER(SEARCH(AV$32,$H66)),1,0) -> 0
A67: Blendwerk | B67: =L67&": "&M67&" | "&N67&": "&O67&" | "&P67&": "&Q67 -> Intuition: 15 | Charisma: 15 | Gewandheit: 14 | C67: FALSE | D67: FALSE | E67: =ISNUMBER(FIND($B$1,I67)) -> FALSE | F67: IN/CH/GE | G67: C | H67: Illusion | I67: Sch7, Mag(Sch)3, Srl(Sch)3 | J67: =_xlfn.XLOOKUP(G67,Rechner!$A$17:$A$25,Rechner!$B$17:$B$25) -> 4 | K67: =_xlfn.XLOOKUP(J67-SUMIF($V$31:$AV$31,TRUE,V67:AV67)-IF(D67=TRUE,1,0),Rechner!$B$17:$B$25,Rechner!$A$17:$A$25,"A+") -> C | L67: =_xlfn.XLOOKUP(S67,Eigenschaften!$C$20:$C$27,Eigenschaften!$B$20:$B$27) -> Intuition | M67: =_xlfn.XLOOKUP(L67,Eigenschaften!$B$20:$B$27,Eigenschaften!$H$20:$H$27,"NaN",1) -> 15 | N67: =_xlfn.XLOOKUP(T67,Eigenschaften!$C$20:$C$27,Eigenschaften!$B$20:$B$27) -> Charisma | O67: =_xlfn.XLOOKUP(N67,Eigenschaften!$B$20:$B$27,Eigenschaften!$H$20:$H$27,"NaN",1) -> 15 | P67: =_xlfn.XLOOKUP(U67,Eigenschaften!$C$20:$C$27,Eigenschaften!$B$20:$B$27) -> Gewandheit | Q67: =_xlfn.XLOOKUP(P67,Eigenschaften!$B$20:$B$27,Eigenschaften!$H$20:$H$27,"NaN",1) -> 14 | S67: {=_xlfn.TEXTSPLIT(F67,"/",,,,3)} -> IN | T67: CH | U67: GE | V67: =IF(ISNUMBER(SEARCH(V$32,$H67)),1,0) -> 0 | W67: =IF(ISNUMBER(SEARCH(W$32,$H67)),1,0) -> 0 | X67: =IF(ISNUMBER(SEARCH(X$32,$H67)),1,0) -> 0 | Y67: =IF(ISNUMBER(SEARCH(Y$32,$H67)),1,0) -> 0 | Z67: =IF(ISNUMBER(SEARCH(Z$32,$H67)),1,0) -> 0 | AA67: =IF(ISNUMBER(SEARCH(AA$32,$H67)),1,0) -> 0 | AB67: =IF(ISNUMBER(SEARCH(AB$32,$H67)),1,0) -> 0 | AC67: =IF(ISNUMBER(SEARCH(AC$32,$H67)),1,0) -> 0 | ... AV67: =IF(ISNUMBER(SEARCH(AV$32,$H67)),1,0) -> 0
A68: Blick aufs Wesen | B68: =L68&": "&M68&" | "&N68&": "&O68&" | "&P68&": "&Q68 -> Klugheit: 12 | Intuition: 15 | Charisma: 15 | C68: FALSE | D68: FALSE | E68: =ISNUMBER(FIND($B$1,I68)) -> TRUE | F68: KL/IN/CH | G68: C | H68: Hellsicht | I68: Elf6, Geo5, Mag5, Ach4, Dru4, Hex4 | J68: =_xlfn.XLOOKUP(G68,Rechner!$A$17:$A$25,Rechner!$B$17:$B$25) -> 4 | K68: =_xlfn.XLOOKUP(J68-SUMIF($V$31:$AV$31,TRUE,V68:AV68)-IF(D68=TRUE,1,0),Rechner!$B$17:$B$25,Rechner!$A$17:$A$25,"A+") -> C | L68: =_xlfn.XLOOKUP(S68,Eigenschaften!$C$20:$C$27,Eigenschaften!$B$20:$B$27) -> Klugheit | M68: =_xlfn.XLOOKUP(L68,Eigenschaften!$B$20:$B$27,Eigenschaften!$H$20:$H$27,"NaN",1) -> 12 | N68: =_xlfn.XLOOKUP(T68,Eigenschaften!$C$20:$C$27,Eigenschaften!$B$20:$B$27) -> Intuition | O68: =_xlfn.XLOOKUP(N68,Eigenschaften!$B$20:$B$27,Eigenschaften!$H$20:$H$27,"NaN",1) -> 15 | P68: =_xlfn.XLOOKUP(U68,Eigenschaften!$C$20:$C$27,Eigenschaften!$B$20:$B$27) -> Charisma | Q68: =_xlfn.XLOOKUP(P68,Eigenschaften!$B$20:$B$27,Eigenschaften!$H$20:$H$27,"NaN",1) -> 15 | S68: {=_xlfn.TEXTSPLIT(F68,"/",,,,3)} -> KL | T68: IN | U68: CH | V68: =IF(ISNUMBER(SEARCH(V$32,$H68)),1,0) -> 0 | W68: =IF(ISNUMBER(SEARCH(W$32,$H68)),1,0) -> 0 | X68: =IF(ISNUMBER(SEARCH(X$32,$H68)),1,0) -> 0 | Y68: =IF(ISNUMBER(SEARCH(Y$32,$H68)),1,0) -> 0 | Z68: =IF(ISNUMBER(SEARCH(Z$32,$H68)),1,0) -> 0 | AA68: =IF(ISNUMBER(SEARCH(AA$32,$H68)),1,0) -> 0 | AB68: =IF(ISNUMBER(SEARCH(AB$32,$H68)),1,0) -> 0 | AC68: =IF(ISNUMBER(SEARCH(AC$32,$H68)),1,0) -> 0 | ... AV68: =IF(ISNUMBER(SEARCH(AV$32,$H68)),1,0) -> 0
A69: Blick durch fremde Augen | B69: =L69&": "&M69&" | "&N69&": "&O69&" | "&P69&": "&Q69 -> Mut: 13 | Intuition: 15 | Charisma: 15 | C69: FALSE | D69: FALSE | E69: =ISNUMBER(FIND($B$1,I69)) -> FALSE | F69: MU/IN/CH | G69: E | H69: Hellsicht, Verständigung | I69: Dru3, Mag(Dru)2 | J69: =_xlfn.XLOOKUP(G69,Rechner!$A$17:$A$25,Rechner!$B$17:$B$25) -> 6 | K69: =_xlfn.XLOOKUP(J69-SUMIF($V$31:$AV$31,TRUE,V69:AV69)-IF(D69=TRUE,1,0),Rechner!$B$17:$B$25,Rechner!$A$17:$A$25,"A+") -> E | L69: =_xlfn.XLOOKUP(S69,Eigenschaften!$C$20:$C$27,Eigenschaften!$B$20:$B$27) -> Mut | M69: =_xlfn.XLOOKUP(L69,Eigenschaften!$B$20:$B$27,Eigenschaften!$H$20:$H$27,"NaN",1) -> 13 | N69: =_xlfn.XLOOKUP(T69,Eigenschaften!$C$20:$C$27,Eigenschaften!$B$20:$B$27) -> Intuition | O69: =_xlfn.XLOOKUP(N69,Eigenschaften!$B$20:$B$27,Eigenschaften!$H$20:$H$27,"NaN",1) -> 15 | P69: =_xlfn.XLOOKUP(U69,Eigenschaften!$C$20:$C$27,Eigenschaften!$B$20:$B$27) -> Charisma | Q69: =_xlfn.XLOOKUP(P69,Eigenschaften!$B$20:$B$27,Eigenschaften!$H$20:$H$27,"NaN",1) -> 15 | S69: {=_xlfn.TEXTSPLIT(F69,"/",,,,3)} -> MU | T69: IN | U69: CH | V69: =IF(ISNUMBER(SEARCH(V$32,$H69)),1,0) -> 0 | W69: =IF(ISNUMBER(SEARCH(W$32,$H69)),1,0) -> 0 | X69: =IF(ISNUMBER(SEARCH(X$32,$H69)),1,0) -> 0 | Y69: =IF(ISNUMBER(SEARCH(Y$32,$H69)),1,0) -> 0 | Z69: =IF(ISNUMBER(SEARCH(Z$32,$H69)),1,0) -> 0 | AA69: =IF(ISNUMBER(SEARCH(AA$32,$H69)),1,0) -> 0 | AB69: =IF(ISNUMBER(SEARCH(AB$32,$H69)),1,0) -> 0 | AC69: =IF(ISNUMBER(SEARCH(AC$32,$H69)),1,0) -> 0 | ... AV69: =IF(ISNUMBER(SEARCH(AV$32,$H69)),1,0) -> 1
A70: Blick in die Gedanken | B70: =L70&": "&M70&" | "&N70&": "&O70&" | "&P70&": "&Q70 -> Klugheit: 12 | Klugheit: 12 | Charisma: 15 | C70: FALSE | D70: FALSE | E70: =ISNUMBER(FIND($B$1,I70)) -> TRUE | F70: KL/KL/CH | G70: D | H70: Hellsicht | I70: Elf5, Mag5, Ach4, Dru4, Hex4, Geo3 | J70: =_xlfn.XLOOKUP(G70,Rechner!$A$17:$A$25,Rechner!$B$17:$B$25) -> 5 | K70: =_xlfn.XLOOKUP(J70-SUMIF($V$31:$AV$31,TRUE,V70:AV70)-IF(D70=TRUE,1,0),Rechner!$B$17:$B$25,Rechner!$A$17:$A$25,"A+") -> D | L70: =_xlfn.XLOOKUP(S70,Eigenschaften!$C$20:$C$27,Eigenschaften!$B$20:$B$27) -> Klugheit | M70: =_xlfn.XLOOKUP(L70,Eigenschaften!$B$20:$B$27,Eigenschaften!$H$20:$H$27,"NaN",1) -> 12 | N70: =_xlfn.XLOOKUP(T70,Eigenschaften!$C$20:$C$27,Eigenschaften!$B$20:$B$27) -> Klugheit | O70: =_xlfn.XLOOKUP(N70,Eigenschaften!$B$20:$B$27,Eigenschaften!$H$20:$H$27,"NaN",1) -> 12 | P70: =_xlfn.XLOOKUP(U70,Eigenschaften!$C$20:$C$27,Eigenschaften!$B$20:$B$27) -> Charisma | Q70: =_xlfn.XLOOKUP(P70,Eigenschaften!$B$20:$B$27,Eigenschaften!$H$20:$H$27,"NaN",1) -> 15 | S70: {=_xlfn.TEXTSPLIT(F70,"/",,,,3)} -> KL | T70: KL | U70: CH | V70: =IF(ISNUMBER(SEARCH(V$32,$H70)),1,0) -> 0 | W70: =IF(ISNUMBER(SEARCH(W$32,$H70)),1,0) -> 0 | X70: =IF(ISNUMBER(SEARCH(X$32,$H70)),1,0) -> 0 | Y70: =IF(ISNUMBER(SEARCH(Y$32,$H70)),1,0) -> 0 | Z70: =IF(ISNUMBER(SEARCH(Z$32,$H70)),1,0) -> 0 | AA70: =IF(ISNUMBER(SEARCH(AA$32,$H70)),1,0) -> 0 | AB70: =IF(ISNUMBER(SEARCH(AB$32,$H70)),1,0) -> 0 | AC70: =IF(ISNUMBER(SEARCH(AC$32,$H70)),1,0) -> 0 | ... AV70: =IF(ISNUMBER(SEARCH(AV$32,$H70)),1,0) -> 0
A71: Blick in die Vergangenheit | B71: =L71&": "&M71&" | "&N71&": "&O71&" | "&P71&": "&Q71 -> Klugheit: 12 | Klugheit: 12 | Intuition: 15 | C71: FALSE | D71: FALSE | E71: =ISNUMBER(FIND($B$1,I71)) -> FALSE | F71: KL/KL/IN | G71: D | H71: Hellsicht, Temporal | I71: Dru3, Geo3, Mag(Dru)2 | J71: =_xlfn.XLOOKUP(G71,Rechner!$A$17:$A$25,Rechner!$B$17:$B$25) -> 5 | K71: =_xlfn.XLOOKUP(J71-SUMIF($V$31:$AV$31,TRUE,V71:AV71)-IF(D71=TRUE,1,0),Rechner!$B$17:$B$25,Rechner!$A$17:$A$25,"A+") -> D | L71: =_xlfn.XLOOKUP(S71,Eigenschaften!$C$20:$C$27,Eigenschaften!$B$20:$B$27) -> Klugheit | M71: =_xlfn.XLOOKUP(L71,Eigenschaften!$B$20:$B$27,Eigenschaften!$H$20:$H$27,"NaN",1) -> 12 | N71: =_xlfn.XLOOKUP(T71,Eigenschaften!$C$20:$C$27,Eigenschaften!$B$20:$B$27) -> Klugheit | O71: =_xlfn.XLOOKUP(N71,Eigenschaften!$B$20:$B$27,Eigenschaften!$H$20:$H$27,"NaN",1) -> 12 | P71: =_xlfn.XLOOKUP(U71,Eigenschaften!$C$20:$C$27,Eigenschaften!$B$20:$B$27) -> Intuition | Q71: =_xlfn.XLOOKUP(P71,Eigenschaften!$B$20:$B$27,Eigenschaften!$H$20:$H$27,"NaN",1) -> 15 | S71: {=_xlfn.TEXTSPLIT(F71,"/",,,,3)} -> KL | T71: KL | U71: IN | V71: =IF(ISNUMBER(SEARCH(V$32,$H71)),1,0) -> 0 | W71: =IF(ISNUMBER(SEARCH(W$32,$H71)),1,0) -> 0 | X71: =IF(ISNUMBER(SEARCH(X$32,$H71)),1,0) -> 0 | Y71: =IF(ISNUMBER(SEARCH(Y$32,$H71)),1,0) -> 0 | Z71: =IF(ISNUMBER(SEARCH(Z$32,$H71)),1,0) -> 0 | AA71: =IF(ISNUMBER(SEARCH(AA$32,$H71)),1,0) -> 0 | AB71: =IF(ISNUMBER(SEARCH(AB$32,$H71)),1,0) -> 0 | AC71: =IF(ISNUMBER(SEARCH(AC$32,$H71)),1,0) -> 0 | ... AV71: =IF(ISNUMBER(SEARCH(AV$32,$H71)),1,0) -> 0
A72: Blitz dich find | B72: =L72&": "&M72&" | "&N72&": "&O72&" | "&P72&": "&Q72 -> Klugheit: 12 | Intuition: 15 | Gewandheit: 14 | C72: TRUE | D72: FALSE | E72: =ISNUMBER(FIND($B$1,I72)) -> TRUE | F72: KL/IN/GE | G72: B | H72: Einfluss | I72: Elf7, Mag6, Dru5, Hex5, Ach4, Geo4, Sch4, Srl4 | J72: =_xlfn.XLOOKUP(G72,Rechner!$A$17:$A$25,Rechner!$B$17:$B$25) -> 3 | K72: =_xlfn.XLOOKUP(J72-SUMIF($V$31:$AV$31,TRUE,V72:AV72)-IF(D72=TRUE,1,0),Rechner!$B$17:$B$25,Rechner!$A$17:$A$25,"A+") -> A | L72: =_xlfn.XLOOKUP(S72,Eigenschaften!$C$20:$C$27,Eigenschaften!$B$20:$B$27) -> Klugheit | M72: =_xlfn.XLOOKUP(L72,Eigenschaften!$B$20:$B$27,Eigenschaften!$H$20:$H$27,"NaN",1) -> 12 | N72: =_xlfn.XLOOKUP(T72,Eigenschaften!$C$20:$C$27,Eigenschaften!$B$20:$B$27) -> Intuition | O72: =_xlfn.XLOOKUP(N72,Eigenschaften!$B$20:$B$27,Eigenschaften!$H$20:$H$27,"NaN",1) -> 15 | P72: =_xlfn.XLOOKUP(U72,Eigenschaften!$C$20:$C$27,Eigenschaften!$B$20:$B$27) -> Gewandheit | Q72: =_xlfn.XLOOKUP(P72,Eigenschaften!$B$20:$B$27,Eigenschaften!$H$20:$H$27,"NaN",1) -> 14 | S72: {=_xlfn.TEXTSPLIT(F72,"/",,,,3)} -> KL | T72: IN | U72: GE | V72: =IF(ISNUMBER(SEARCH(V$32,$H72)),1,0) -> 0 | W72: =IF(ISNUMBER(SEARCH(W$32,$H72)),1,0) -> 0 | X72: =IF(ISNUMBER(SEARCH(X$32,$H72)),1,0) -> 0 | Y72: =IF(ISNUMBER(SEARCH(Y$32,$H72)),1,0) -> 0 | Z72: =IF(ISNUMBER(SEARCH(Z$32,$H72)),1,0) -> 0 | AA72: =IF(ISNUMBER(SEARCH(AA$32,$H72)),1,0) -> 0 | AB72: =IF(ISNUMBER(SEARCH(AB$32,$H72)),1,0) -> 0 | AC72: =IF(ISNUMBER(SEARCH(AC$32,$H72)),1,0) -> 0 | ... AV72: =IF(ISNUMBER(SEARCH(AV$32,$H72)),1,0) -> 0 | AW72: 9 | AX72: 1 Aktion | AY72: 4 AsP | AZ72: ZfW Schritt | BA72: ZfW/2 Aktionen
A73: Böser Blick | B73: =L73&": "&M73&" | "&N73&": "&O73&" | "&P73&": "&Q73 -> Mut: 13 | Charisma: 15 | Charisma: 15 | C73: FALSE | D73: FALSE | E73: =ISNUMBER(FIND($B$1,I73)) -> TRUE | F73: MU/CH/CH | G73: C | H73: Einfluss | I73: Dru7, Geo6, Ach5, Bor2, Hex(Dru)2, Mag(Dru)2, Mag2 | J73: =_xlfn.XLOOKUP(G73,Rechner!$A$17:$A$25,Rechner!$B$17:$B$25) -> 4 | K73: =_xlfn.XLOOKUP(J73-SUMIF($V$31:$AV$31,TRUE,V73:AV73)-IF(D73=TRUE,1,0),Rechner!$B$17:$B$25,Rechner!$A$17:$A$25,"A+") -> B | L73: =_xlfn.XLOOKUP(S73,Eigenschaften!$C$20:$C$27,Eigenschaften!$B$20:$B$27) -> Mut | M73: =_xlfn.XLOOKUP(L73,Eigenschaften!$B$20:$B$27,Eigenschaften!$H$20:$H$27,"NaN",1) -> 13 | N73: =_xlfn.XLOOKUP(T73,Eigenschaften!$C$20:$C$27,Eigenschaften!$B$20:$B$27) -> Charisma | O73: =_xlfn.XLOOKUP(N73,Eigenschaften!$B$20:$B$27,Eigenschaften!$H$20:$H$27,"NaN",1) -> 15 | P73: =_xlfn.XLOOKUP(U73,Eigenschaften!$C$20:$C$27,Eigenschaften!$B$20:$B$27) -> Charisma | Q73: =_xlfn.XLOOKUP(P73,Eigenschaften!$B$20:$B$27,Eigenschaften!$H$20:$H$27,"NaN",1) -> 15 | S73: {=_xlfn.TEXTSPLIT(F73,"/",,,,3)} -> MU | T73: CH | U73: CH | V73: =IF(ISNUMBER(SEARCH(V$32,$H73)),1,0) -> 0 | W73: =IF(ISNUMBER(SEARCH(W$32,$H73)),1,0) -> 0 | X73: =IF(ISNUMBER(SEARCH(X$32,$H73)),1,0) -> 0 | Y73: =IF(ISNUMBER(SEARCH(Y$32,$H73)),1,0) -> 0 | Z73: =IF(ISNUMBER(SEARCH(Z$32,$H73)),1,0) -> 0 | AA73: =IF(ISNUMBER(SEARCH(AA$32,$H73)),1,0) -> 0 | AB73: =IF(ISNUMBER(SEARCH(AB$32,$H73)),1,0) -> 0 | AC73: =IF(ISNUMBER(SEARCH(AC$32,$H73)),1,0) -> 0 | ... AV73: =IF(ISNUMBER(SEARCH(AV$32,$H73)),1,0) -> 0
A74: Brenne toter Stoff! | B74: =L74&": "&M74&" | "&N74&": "&O74&" | "&P74&": "&Q74 -> Mut: 13 | Klugheit: 12 | Konstitution: 12 | C74: FALSE | D74: FALSE | E74: =ISNUMBER(FIND($B$1,I74)) -> FALSE | F74: MU/KL/KO | G74: C | H74: Objekt, Elementar (Feuer) | I74: Bor6, Ach3, Mag3 | J74: =_xlfn.XLOOKUP(G74,Rechner!$A$17:$A$25,Rechner!$B$17:$B$25) -> 4 | K74: =_xlfn.XLOOKUP(J74-SUMIF($V$31:$AV$31,TRUE,V74:AV74)-IF(D74=TRUE,1,0),Rechner!$B$17:$B$25,Rechner!$A$17:$A$25,"A+") -> C | L74: =_xlfn.XLOOKUP(S74,Eigenschaften!$C$20:$C$27,Eigenschaften!$B$20:$B$27) -> Mut | M74: =_xlfn.XLOOKUP(L74,Eigenschaften!$B$20:$B$27,Eigenschaften!$H$20:$H$27,"NaN",1) -> 13 | N74: =_xlfn.XLOOKUP(T74,Eigenschaften!$C$20:$C$27,Eigenschaften!$B$20:$B$27) -> Klugheit | O74: =_xlfn.XLOOKUP(N74,Eigenschaften!$B$20:$B$27,Eigenschaften!$H$20:$H$27,"NaN",1) -> 12 | P74: =_xlfn.XLOOKUP(U74,Eigenschaften!$C$20:$C$27,Eigenschaften!$B$20:$B$27) -> Konstitution | Q74: =_xlfn.XLOOKUP(P74,Eigenschaften!$B$20:$B$27,Eigenschaften!$H$20:$H$27,"NaN",1) -> 12 | S74: {=_xlfn.TEXTSPLIT(F74,"/",,,,3)} -> MU | T74: KL | U74: KO | V74: =IF(ISNUMBER(SEARCH(V$32,$H74)),1,0) -> 0 | W74: =IF(ISNUMBER(SEARCH(W$32,$H74)),1,0) -> 0 | X74: =IF(ISNUMBER(SEARCH(X$32,$H74)),1,0) -> 0 | Y74: =IF(ISNUMBER(SEARCH(Y$32,$H74)),1,0) -> 1 | Z74: =IF(ISNUMBER(SEARCH(Z$32,$H74)),1,0) -> 0 | AA74: =IF(ISNUMBER(SEARCH(AA$32,$H74)),1,0) -> 1 | AB74: =IF(ISNUMBER(SEARCH(AB$32,$H74)),1,0) -> 0 | AC74: =IF(ISNUMBER(SEARCH(AC$32,$H74)),1,0) -> 0 | ... AV74: =IF(ISNUMBER(SEARCH(AV$32,$H74)),1,0) -> 0
A75: Caldofrigo heiß und kalt | B75: =L75&": "&M75&" | "&N75&": "&O75&" | "&P75&": "&Q75 -> Intuition: 15 | Charisma: 15 | Konstitution: 12 | C75: FALSE | D75: FALSE | E75: =ISNUMBER(FIND($B$1,I75)) -> FALSE | F75: IN/CH/KO | G75: E | H75: Objekt, Umwelt, Elementar (Feuer), Elementar (Eis) | I75: Ach4, Mag4, Geo3, Dru2 | J75: =_xlfn.XLOOKUP(G75,Rechner!$A$17:$A$25,Rechner!$B$17:$B$25) -> 6 | K75: =_xlfn.XLOOKUP(J75-SUMIF($V$31:$AV$31,TRUE,V75:AV75)-IF(D75=TRUE,1,0),Rechner!$B$17:$B$25,Rechner!$A$17:$A$25,"A+") -> E | L75: =_xlfn.XLOOKUP(S75,Eigenschaften!$C$20:$C$27,Eigenschaften!$B$20:$B$27) -> Intuition | M75: =_xlfn.XLOOKUP(L75,Eigenschaften!$B$20:$B$27,Eigenschaften!$H$20:$H$27,"NaN",1) -> 15 | N75: =_xlfn.XLOOKUP(T75,Eigenschaften!$C$20:$C$27,Eigenschaften!$B$20:$B$27) -> Charisma | O75: =_xlfn.XLOOKUP(N75,Eigenschaften!$B$20:$B$27,Eigenschaften!$H$20:$H$27,"NaN",1) -> 15 | P75: =_xlfn.XLOOKUP(U75,Eigenschaften!$C$20:$C$27,Eigenschaften!$B$20:$B$27) -> Konstitution | Q75: =_xlfn.XLOOKUP(P75,Eigenschaften!$B$20:$B$27,Eigenschaften!$H$20:$H$27,"NaN",1) -> 12 | S75: {=_xlfn.TEXTSPLIT(F75,"/",,,,3)} -> IN | T75: CH | U75: KO | V75: =IF(ISNUMBER(SEARCH(V$32,$H75)),1,0) -> 0 | W75: =IF(ISNUMBER(SEARCH(W$32,$H75)),1,0) -> 0 | X75: =IF(ISNUMBER(SEARCH(X$32,$H75)),1,0) -> 0 | Y75: =IF(ISNUMBER(SEARCH(Y$32,$H75)),1,0) -> 1 | Z75: =IF(ISNUMBER(SEARCH(Z$32,$H75)),1,0) -> 0 | AA75: =IF(ISNUMBER(SEARCH(AA$32,$H75)),1,0) -> 1 | AB75: =IF(ISNUMBER(SEARCH(AB$32,$H75)),1,0) -> 0 | AC75: =IF(ISNUMBER(SEARCH(AC$32,$H75)),1,0) -> 1 | ... AV75: =IF(ISNUMBER(SEARCH(AV$32,$H75)),1,0) -> 0
A76: Chamaelioni Mimikry | B76: =L76&": "&M76&" | "&N76&": "&O76&" | "&P76&": "&Q76 -> Intuition: 15 | Charisma: 15 | Gewandheit: 14 | C76: FALSE | D76: FALSE | E76: =ISNUMBER(FIND($B$1,I76)) -> TRUE | F76: IN/CH/GE | G76: C | H76: Illusion | I76: Elf5, Hex(Elf)3, Mag(Elf)3 | J76: =_xlfn.XLOOKUP(G76,Rechner!$A$17:$A$25,Rechner!$B$17:$B$25) -> 4 | K76: =_xlfn.XLOOKUP(J76-SUMIF($V$31:$AV$31,TRUE,V76:AV76)-IF(D76=TRUE,1,0),Rechner!$B$17:$B$25,Rechner!$A$17:$A$25,"A+") -> C | L76: =_xlfn.XLOOKUP(S76,Eigenschaften!$C$20:$C$27,Eigenschaften!$B$20:$B$27) -> Intuition | M76: =_xlfn.XLOOKUP(L76,Eigenschaften!$B$20:$B$27,Eigenschaften!$H$20:$H$27,"NaN",1) -> 15 | N76: =_xlfn.XLOOKUP(T76,Eigenschaften!$C$20:$C$27,Eigenschaften!$B$20:$B$27) -> Charisma | O76: =_xlfn.XLOOKUP(N76,Eigenschaften!$B$20:$B$27,Eigenschaften!$H$20:$H$27,"NaN",1) -> 15 | P76: =_xlfn.XLOOKUP(U76,Eigenschaften!$C$20:$C$27,Eigenschaften!$B$20:$B$27) -> Gewandheit | Q76: =_xlfn.XLOOKUP(P76,Eigenschaften!$B$20:$B$27,Eigenschaften!$H$20:$H$27,"NaN",1) -> 14 | S76: {=_xlfn.TEXTSPLIT(F76,"/",,,,3)} -> IN | T76: CH | U76: GE | V76: =IF(ISNUMBER(SEARCH(V$32,$H76)),1,0) -> 0 | W76: =IF(ISNUMBER(SEARCH(W$32,$H76)),1,0) -> 0 | X76: =IF(ISNUMBER(SEARCH(X$32,$H76)),1,0) -> 0 | Y76: =IF(ISNUMBER(SEARCH(Y$32,$H76)),1,0) -> 0 | Z76: =IF(ISNUMBER(SEARCH(Z$32,$H76)),1,0) -> 0 | AA76: =IF(ISNUMBER(SEARCH(AA$32,$H76)),1,0) -> 0 | AB76: =IF(ISNUMBER(SEARCH(AB$32,$H76)),1,0) -> 0 | AC76: =IF(ISNUMBER(SEARCH(AC$32,$H76)),1,0) -> 0 | ... AV76: =IF(ISNUMBER(SEARCH(AV$32,$H76)),1,0) -> 0
A77: Chimaeroform Hybridgestalt | B77: =L77&": "&M77&" | "&N77&": "&O77&" | "&P77&": "&Q77 -> Klugheit: 12 | Intuition: 15 | Konstitution: 12 | C77: FALSE | D77: FALSE | E77: =ISNUMBER(FIND($B$1,I77)) -> TRUE | F77: KL/IN/KO | G77: F | H77: Dämonisch (Asfaloth), Form | I77: Mag2, Hex1 | J77: =_xlfn.XLOOKUP(G77,Rechner!$A$17:$A$25,Rechner!$B$17:$B$25) -> 7 | K77: =_xlfn.XLOOKUP(J77-SUMIF($V$31:$AV$31,TRUE,V77:AV77)-IF(D77=TRUE,1,0),Rechner!$B$17:$B$25,Rechner!$A$17:$A$25,"A+") -> F | L77: =_xlfn.XLOOKUP(S77,Eigenschaften!$C$20:$C$27,Eigenschaften!$B$20:$B$27) -> Klugheit | M77: =_xlfn.XLOOKUP(L77,Eigenschaften!$B$20:$B$27,Eigenschaften!$H$20:$H$27,"NaN",1) -> 12 | N77: =_xlfn.XLOOKUP(T77,Eigenschaften!$C$20:$C$27,Eigenschaften!$B$20:$B$27) -> Intuition | O77: =_xlfn.XLOOKUP(N77,Eigenschaften!$B$20:$B$27,Eigenschaften!$H$20:$H$27,"NaN",1) -> 15 | P77: =_xlfn.XLOOKUP(U77,Eigenschaften!$C$20:$C$27,Eigenschaften!$B$20:$B$27) -> Konstitution | Q77: =_xlfn.XLOOKUP(P77,Eigenschaften!$B$20:$B$27,Eigenschaften!$H$20:$H$27,"NaN",1) -> 12 | S77: {=_xlfn.TEXTSPLIT(F77,"/",,,,3)} -> KL | T77: IN | U77: KO | V77: =IF(ISNUMBER(SEARCH(V$32,$H77)),1,0) -> 0 | W77: =IF(ISNUMBER(SEARCH(W$32,$H77)),1,0) -> 0 | X77: =IF(ISNUMBER(SEARCH(X$32,$H77)),1,0) -> 0 | Y77: =IF(ISNUMBER(SEARCH(Y$32,$H77)),1,0) -> 0 | Z77: =IF(ISNUMBER(SEARCH(Z$32,$H77)),1,0) -> 0 | AA77: =IF(ISNUMBER(SEARCH(AA$32,$H77)),1,0) -> 0 | AB77: =IF(ISNUMBER(SEARCH(AB$32,$H77)),1,0) -> 0 | AC77: =IF(ISNUMBER(SEARCH(AC$32,$H77)),1,0) -> 0 | ... AV77: =IF(ISNUMBER(SEARCH(AV$32,$H77)),1,0) -> 0
A78: Chronoklassis Urfossil | B78: =L78&": "&M78&" | "&N78&": "&O78&" | "&P78&": "&Q78 -> Klugheit: 12 | Intuition: 15 | Konstitution: 12 | C78: FALSE | D78: FALSE | E78: =ISNUMBER(FIND($B$1,I78)) -> FALSE | F78: KL/IN/KO | G78: F | H78: Herbeirufung, Temporal | I78: Ach2, Mag(Ach)1 | J78: =_xlfn.XLOOKUP(G78,Rechner!$A$17:$A$25,Rechner!$B$17:$B$25) -> 7 | K78: =_xlfn.XLOOKUP(J78-SUMIF($V$31:$AV$31,TRUE,V78:AV78)-IF(D78=TRUE,1,0),Rechner!$B$17:$B$25,Rechner!$A$17:$A$25,"A+") -> F | L78: =_xlfn.XLOOKUP(S78,Eigenschaften!$C$20:$C$27,Eigenschaften!$B$20:$B$27) -> Klugheit | M78: =_xlfn.XLOOKUP(L78,Eigenschaften!$B$20:$B$27,Eigenschaften!$H$20:$H$27,"NaN",1) -> 12 | N78: =_xlfn.XLOOKUP(T78,Eigenschaften!$C$20:$C$27,Eigenschaften!$B$20:$B$27) -> Intuition | O78: =_xlfn.XLOOKUP(N78,Eigenschaften!$B$20:$B$27,Eigenschaften!$H$20:$H$27,"NaN",1) -> 15 | P78: =_xlfn.XLOOKUP(U78,Eigenschaften!$C$20:$C$27,Eigenschaften!$B$20:$B$27) -> Konstitution | Q78: =_xlfn.XLOOKUP(P78,Eigenschaften!$B$20:$B$27,Eigenschaften!$H$20:$H$27,"NaN",1) -> 12 | S78: {=_xlfn.TEXTSPLIT(F78,"/",,,,3)} -> KL | T78: IN | U78: KO | V78: =IF(ISNUMBER(SEARCH(V$32,$H78)),1,0) -> 0 | W78: =IF(ISNUMBER(SEARCH(W$32,$H78)),1,0) -> 0 | X78: =IF(ISNUMBER(SEARCH(X$32,$H78)),1,0) -> 0 | Y78: =IF(ISNUMBER(SEARCH(Y$32,$H78)),1,0) -> 0 | Z78: =IF(ISNUMBER(SEARCH(Z$32,$H78)),1,0) -> 0 | AA78: =IF(ISNUMBER(SEARCH(AA$32,$H78)),1,0) -> 0 | AB78: =IF(ISNUMBER(SEARCH(AB$32,$H78)),1,0) -> 0 | AC78: =IF(ISNUMBER(SEARCH(AC$32,$H78)),1,0) -> 0 | ... AV78: =IF(ISNUMBER(SEARCH(AV$32,$H78)),1,0) -> 0
A79: Chrononautos Zeitenfahrt | B79: =L79&": "&M79&" | "&N79&": "&O79&" | "&P79&": "&Q79 -> Mut: 13 | Charisma: 15 | Konstitution: 12 | C79: FALSE | D79: FALSE | E79: =ISNUMBER(FIND($B$1,I79)) -> FALSE | F79: MU/CH/KO | G79: F | H79: Temporal | I79: Ach2, Elf1, Mag1 | J79: =_xlfn.XLOOKUP(G79,Rechner!$A$17:$A$25,Rechner!$B$17:$B$25) -> 7 | K79: =_xlfn.XLOOKUP(J79-SUMIF($V$31:$AV$31,TRUE,V79:AV79)-IF(D79=TRUE,1,0),Rechner!$B$17:$B$25,Rechner!$A$17:$A$25,"A+") -> F | L79: =_xlfn.XLOOKUP(S79,Eigenschaften!$C$20:$C$27,Eigenschaften!$B$20:$B$27) -> Mut | M79: =_xlfn.XLOOKUP(L79,Eigenschaften!$B$20:$B$27,Eigenschaften!$H$20:$H$27,"NaN",1) -> 13 | N79: =_xlfn.XLOOKUP(T79,Eigenschaften!$C$20:$C$27,Eigenschaften!$B$20:$B$27) -> Charisma | O79: =_xlfn.XLOOKUP(N79,Eigenschaften!$B$20:$B$27,Eigenschaften!$H$20:$H$27,"NaN",1) -> 15 | P79: =_xlfn.XLOOKUP(U79,Eigenschaften!$C$20:$C$27,Eigenschaften!$B$20:$B$27) -> Konstitution | Q79: =_xlfn.XLOOKUP(P79,Eigenschaften!$B$20:$B$27,Eigenschaften!$H$20:$H$27,"NaN",1) -> 12 | S79: {=_xlfn.TEXTSPLIT(F79,"/",,,,3)} -> MU | T79: CH | U79: KO | V79: =IF(ISNUMBER(SEARCH(V$32,$H79)),1,0) -> 0 | W79: =IF(ISNUMBER(SEARCH(W$32,$H79)),1,0) -> 0 | X79: =IF(ISNUMBER(SEARCH(X$32,$H79)),1,0) -> 0 | Y79: =IF(ISNUMBER(SEARCH(Y$32,$H79)),1,0) -> 0 | Z79: =IF(ISNUMBER(SEARCH(Z$32,$H79)),1,0) -> 0 | AA79: =IF(ISNUMBER(SEARCH(AA$32,$H79)),1,0) -> 0 | AB79: =IF(ISNUMBER(SEARCH(AB$32,$H79)),1,0) -> 0 | AC79: =IF(ISNUMBER(SEARCH(AC$32,$H79)),1,0) -> 0 | ... AV79: =IF(ISNUMBER(SEARCH(AV$32,$H79)),1,0) -> 0
A80: Claudibus Clavistibor | B80: =L80&": "&M80&" | "&N80&": "&O80&" | "&P80&": "&Q80 -> Klugheit: 12 | Fingerfertigkeit: 10 | Körperkraft: 12 | C80: FALSE | D80: FALSE | E80: =ISNUMBER(FIND($B$1,I80)) -> TRUE | F80: KL/FF/KK | G80: C | H80: Objekt | I80: Mag6, Hex5, Srl5, Dru(Hex)2, Elf(Mag)2, Sch(Mag)2 | J80: =_xlfn.XLOOKUP(G80,Rechner!$A$17:$A$25,Rechner!$B$17:$B$25) -> 4 | K80: =_xlfn.XLOOKUP(J80-SUMIF($V$31:$AV$31,TRUE,V80:AV80)-IF(D80=TRUE,1,0),Rechner!$B$17:$B$25,Rechner!$A$17:$A$25,"A+") -> C | L80: =_xlfn.XLOOKUP(S80,Eigenschaften!$C$20:$C$27,Eigenschaften!$B$20:$B$27) -> Klugheit | M80: =_xlfn.XLOOKUP(L80,Eigenschaften!$B$20:$B$27,Eigenschaften!$H$20:$H$27,"NaN",1) -> 12 | N80: =_xlfn.XLOOKUP(T80,Eigenschaften!$C$20:$C$27,Eigenschaften!$B$20:$B$27) -> Fingerfertigkeit | O80: =_xlfn.XLOOKUP(N80,Eigenschaften!$B$20:$B$27,Eigenschaften!$H$20:$H$27,"NaN",1) -> 10 | P80: =_xlfn.XLOOKUP(U80,Eigenschaften!$C$20:$C$27,Eigenschaften!$B$20:$B$27) -> Körperkraft | Q80: =_xlfn.XLOOKUP(P80,Eigenschaften!$B$20:$B$27,Eigenschaften!$H$20:$H$27,"NaN",1) -> 12 | S80: {=_xlfn.TEXTSPLIT(F80,"/",,,,3)} -> KL | T80: FF | U80: KK | V80: =IF(ISNUMBER(SEARCH(V$32,$H80)),1,0) -> 0 | W80: =IF(ISNUMBER(SEARCH(W$32,$H80)),1,0) -> 0 | X80: =IF(ISNUMBER(SEARCH(X$32,$H80)),1,0) -> 0 | Y80: =IF(ISNUMBER(SEARCH(Y$32,$H80)),1,0) -> 0 | Z80: =IF(ISNUMBER(SEARCH(Z$32,$H80)),1,0) -> 0 | AA80: =IF(ISNUMBER(SEARCH(AA$32,$H80)),1,0) -> 0 | AB80: =IF(ISNUMBER(SEARCH(AB$32,$H80)),1,0) -> 0 | AC80: =IF(ISNUMBER(SEARCH(AC$32,$H80)),1,0) -> 0 | ... AV80: =IF(ISNUMBER(SEARCH(AV$32,$H80)),1,0) -> 0
A81: Corpofesso Gliederschmerz | B81: =L81&": "&M81&" | "&N81&": "&O81&" | "&P81&": "&Q81 -> Klugheit: 12 | Konstitution: 12 | Körperkraft: 12 | C81: FALSE | D81: FALSE | E81: =ISNUMBER(FIND($B$1,I81)) -> TRUE | F81: KL/KO/KK | G81: C | H81: Eigenschaften | I81: Mag4, Elf(Mag)2, Hex(Mag)2 | J81: =_xlfn.XLOOKUP(G81,Rechner!$A$17:$A$25,Rechner!$B$17:$B$25) -> 4 | K81: =_xlfn.XLOOKUP(J81-SUMIF($V$31:$AV$31,TRUE,V81:AV81)-IF(D81=TRUE,1,0),Rechner!$B$17:$B$25,Rechner!$A$17:$A$25,"A+") -> B | L81: =_xlfn.XLOOKUP(S81,Eigenschaften!$C$20:$C$27,Eigenschaften!$B$20:$B$27) -> Klugheit | M81: =_xlfn.XLOOKUP(L81,Eigenschaften!$B$20:$B$27,Eigenschaften!$H$20:$H$27,"NaN",1) -> 12 | N81: =_xlfn.XLOOKUP(T81,Eigenschaften!$C$20:$C$27,Eigenschaften!$B$20:$B$27) -> Konstitution | O81: =_xlfn.XLOOKUP(N81,Eigenschaften!$B$20:$B$27,Eigenschaften!$H$20:$H$27,"NaN",1) -> 12 | P81: =_xlfn.XLOOKUP(U81,Eigenschaften!$C$20:$C$27,Eigenschaften!$B$20:$B$27) -> Körperkraft | Q81: =_xlfn.XLOOKUP(P81,Eigenschaften!$B$20:$B$27,Eigenschaften!$H$20:$H$27,"NaN",1) -> 12 | S81: {=_xlfn.TEXTSPLIT(F81,"/",,,,3)} -> KL | T81: KO | U81: KK | V81: =IF(ISNUMBER(SEARCH(V$32,$H81)),1,0) -> 0 | W81: =IF(ISNUMBER(SEARCH(W$32,$H81)),1,0) -> 0 | X81: =IF(ISNUMBER(SEARCH(X$32,$H81)),1,0) -> 1 | Y81: =IF(ISNUMBER(SEARCH(Y$32,$H81)),1,0) -> 0 | Z81: =IF(ISNUMBER(SEARCH(Z$32,$H81)),1,0) -> 0 | AA81: =IF(ISNUMBER(SEARCH(AA$32,$H81)),1,0) -> 0 | AB81: =IF(ISNUMBER(SEARCH(AB$32,$H81)),1,0) -> 0 | AC81: =IF(ISNUMBER(SEARCH(AC$32,$H81)),1,0) -> 0 | ... AV81: =IF(ISNUMBER(SEARCH(AV$32,$H81)),1,0) -> 0
A82: Corpofrigo Kälteschock | B82: =L82&": "&M82&" | "&N82&": "&O82&" | "&P82&": "&Q82 -> Charisma: 15 | Gewandheit: 14 | Konstitution: 12 | C82: FALSE | D82: FALSE | E82: =ISNUMBER(FIND($B$1,I82)) -> FALSE | F82: CH/GE/KO | G82: C | H82: Eigenschaften, Elementar (Eis) | I82: Ach6, Mag4 | J82: =_xlfn.XLOOKUP(G82,Rechner!$A$17:$A$25,Rechner!$B$17:$B$25) -> 4 | K82: =_xlfn.XLOOKUP(J82-SUMIF($V$31:$AV$31,TRUE,V82:AV82)-IF(D82=TRUE,1,0),Rechner!$B$17:$B$25,Rechner!$A$17:$A$25,"A+") -> B | L82: =_xlfn.XLOOKUP(S82,Eigenschaften!$C$20:$C$27,Eigenschaften!$B$20:$B$27) -> Charisma | M82: =_xlfn.XLOOKUP(L82,Eigenschaften!$B$20:$B$27,Eigenschaften!$H$20:$H$27,"NaN",1) -> 15 | N82: =_xlfn.XLOOKUP(T82,Eigenschaften!$C$20:$C$27,Eigenschaften!$B$20:$B$27) -> Gewandheit | O82: =_xlfn.XLOOKUP(N82,Eigenschaften!$B$20:$B$27,Eigenschaften!$H$20:$H$27,"NaN",1) -> 14 | P82: =_xlfn.XLOOKUP(U82,Eigenschaften!$C$20:$C$27,Eigenschaften!$B$20:$B$27) -> Konstitution | Q82: =_xlfn.XLOOKUP(P82,Eigenschaften!$B$20:$B$27,Eigenschaften!$H$20:$H$27,"NaN",1) -> 12 | S82: {=_xlfn.TEXTSPLIT(F82,"/",,,,3)} -> CH | T82: GE | U82: KO | V82: =IF(ISNUMBER(SEARCH(V$32,$H82)),1,0) -> 0 | W82: =IF(ISNUMBER(SEARCH(W$32,$H82)),1,0) -> 0 | X82: =IF(ISNUMBER(SEARCH(X$32,$H82)),1,0) -> 1 | Y82: =IF(ISNUMBER(SEARCH(Y$32,$H82)),1,0) -> 1 | Z82: =IF(ISNUMBER(SEARCH(Z$32,$H82)),1,0) -> 0 | AA82: =IF(ISNUMBER(SEARCH(AA$32,$H82)),1,0) -> 0 | AB82: =IF(ISNUMBER(SEARCH(AB$32,$H82)),1,0) -> 0 | AC82: =IF(ISNUMBER(SEARCH(AC$32,$H82)),1,0) -> 1 | ... AV82: =IF(ISNUMBER(SEARCH(AV$32,$H82)),1,0) -> 0
A83: Cryptographo Zauberschrift | B83: =L83&": "&M83&" | "&N83&": "&O83&" | "&P83&": "&Q83 -> Klugheit: 12 | Klugheit: 12 | Intuition: 15 | C83: FALSE | D83: FALSE | E83: =ISNUMBER(FIND($B$1,I83)) -> TRUE | F83: KL/KL/IN | G83: C | H83: Objekt, Verständigung | I83: Mag6, Ach2, Hex(Mag)2, Srl(Mag)2 | J83: =_xlfn.XLOOKUP(G83,Rechner!$A$17:$A$25,Rechner!$B$17:$B$25) -> 4 | K83: =_xlfn.XLOOKUP(J83-SUMIF($V$31:$AV$31,TRUE,V83:AV83)-IF(D83=TRUE,1,0),Rechner!$B$17:$B$25,Rechner!$A$17:$A$25,"A+") -> C | L83: =_xlfn.XLOOKUP(S83,Eigenschaften!$C$20:$C$27,Eigenschaften!$B$20:$B$27) -> Klugheit | M83: =_xlfn.XLOOKUP(L83,Eigenschaften!$B$20:$B$27,Eigenschaften!$H$20:$H$27,"NaN",1) -> 12 | N83: =_xlfn.XLOOKUP(T83,Eigenschaften!$C$20:$C$27,Eigenschaften!$B$20:$B$27) -> Klugheit | O83: =_xlfn.XLOOKUP(N83,Eigenschaften!$B$20:$B$27,Eigenschaften!$H$20:$H$27,"NaN",1) -> 12 | P83: =_xlfn.XLOOKUP(U83,Eigenschaften!$C$20:$C$27,Eigenschaften!$B$20:$B$27) -> Intuition | Q83: =_xlfn.XLOOKUP(P83,Eigenschaften!$B$20:$B$27,Eigenschaften!$H$20:$H$27,"NaN",1) -> 15 | S83: {=_xlfn.TEXTSPLIT(F83,"/",,,,3)} -> KL | T83: KL | U83: IN | V83: =IF(ISNUMBER(SEARCH(V$32,$H83)),1,0) -> 0 | W83: =IF(ISNUMBER(SEARCH(W$32,$H83)),1,0) -> 0 | X83: =IF(ISNUMBER(SEARCH(X$32,$H83)),1,0) -> 0 | Y83: =IF(ISNUMBER(SEARCH(Y$32,$H83)),1,0) -> 0 | Z83: =IF(ISNUMBER(SEARCH(Z$32,$H83)),1,0) -> 0 | AA83: =IF(ISNUMBER(SEARCH(AA$32,$H83)),1,0) -> 0 | AB83: =IF(ISNUMBER(SEARCH(AB$32,$H83)),1,0) -> 0 | AC83: =IF(ISNUMBER(SEARCH(AC$32,$H83)),1,0) -> 0 | ... AV83: =IF(ISNUMBER(SEARCH(AV$32,$H83)),1,0) -> 1
A84: Custodosigil Diebesbann | B84: =L84&": "&M84&" | "&N84&": "&O84&" | "&P84&": "&Q84 -> Klugheit: 12 | Fingerfertigkeit: 10 | Fingerfertigkeit: 10 | C84: FALSE | D84: FALSE | E84: =ISNUMBER(FIND($B$1,I84)) -> FALSE | F84: KL/FF/FF | G84: C | H84: Objekt, Metamagie, Elementar (Feuer) | I84: Ach6, Mag6, Srl(Mag)3 | J84: =_xlfn.XLOOKUP(G84,Rechner!$A$17:$A$25,Rechner!$B$17:$B$25) -> 4 | K84: =_xlfn.XLOOKUP(J84-SUMIF($V$31:$AV$31,TRUE,V84:AV84)-IF(D84=TRUE,1,0),Rechner!$B$17:$B$25,Rechner!$A$17:$A$25,"A+") -> C | L84: =_xlfn.XLOOKUP(S84,Eigenschaften!$C$20:$C$27,Eigenschaften!$B$20:$B$27) -> Klugheit | M84: =_xlfn.XLOOKUP(L84,Eigenschaften!$B$20:$B$27,Eigenschaften!$H$20:$H$27,"NaN",1) -> 12 | N84: =_xlfn.XLOOKUP(T84,Eigenschaften!$C$20:$C$27,Eigenschaften!$B$20:$B$27) -> Fingerfertigkeit | O84: =_xlfn.XLOOKUP(N84,Eigenschaften!$B$20:$B$27,Eigenschaften!$H$20:$H$27,"NaN",1) -> 10 | P84: =_xlfn.XLOOKUP(U84,Eigenschaften!$C$20:$C$27,Eigenschaften!$B$20:$B$27) -> Fingerfertigkeit | Q84: =_xlfn.XLOOKUP(P84,Eigenschaften!$B$20:$B$27,Eigenschaften!$H$20:$H$27,"NaN",1) -> 10 | S84: {=_xlfn.TEXTSPLIT(F84,"/",,,,3)} -> KL | T84: FF | U84: FF | V84: =IF(ISNUMBER(SEARCH(V$32,$H84)),1,0) -> 0 | W84: =IF(ISNUMBER(SEARCH(W$32,$H84)),1,0) -> 0 | X84: =IF(ISNUMBER(SEARCH(X$32,$H84)),1,0) -> 0 | Y84: =IF(ISNUMBER(SEARCH(Y$32,$H84)),1,0) -> 1 | Z84: =IF(ISNUMBER(SEARCH(Z$32,$H84)),1,0) -> 0 | AA84: =IF(ISNUMBER(SEARCH(AA$32,$H84)),1,0) -> 1 | AB84: =IF(ISNUMBER(SEARCH(AB$32,$H84)),1,0) -> 0 | AC84: =IF(ISNUMBER(SEARCH(AC$32,$H84)),1,0) -> 0 | ... AV84: =IF(ISNUMBER(SEARCH(AV$32,$H84)),1,0) -> 0
... A122: Granit und Marmor | B122: =L122&": "&M122&" | "&N122&": "&O122&" | "&P122&": "&Q122 -> Mut: 13 | Charisma: 15 | Konstitution: 12 | C122: FALSE | D122: FALSE | E122: =ISNUMBER(FIND($B$1,I122)) -> FALSE | F122: MU/CH/KO | G122: D | H122: Form, Elementar (Erz) | I122: Bor2, Mag2 | J122: =_xlfn.XLOOKUP(G122,Rechner!$A$17:$A$25,Rechner!$B$17:$B$25) -> 5 | K122: =_xlfn.XLOOKUP(J122-SUMIF($V$31:$AV$31,TRUE,V122:AV122)-IF(D122=TRUE,1,0),Rechner!$B$17:$B$25,Rechner!$A$17:$A$25,"A+") -> D | L122: =_xlfn.XLOOKUP(S122,Eigenschaften!$C$20:$C$27,Eigenschaften!$B$20:$B$27) -> Mut | M122: =_xlfn.XLOOKUP(L122,Eigenschaften!$B$20:$B$27,Eigenschaften!$H$20:$H$27,"NaN",1) -> 13 | N122: =_xlfn.XLOOKUP(T122,Eigenschaften!$C$20:$C$27,Eigenschaften!$B$20:$B$27) -> Charisma | O122: =_xlfn.XLOOKUP(N122,Eigenschaften!$B$20:$B$27,Eigenschaften!$H$20:$H$27,"NaN",1) -> 15 | P122: =_xlfn.XLOOKUP(U122,Eigenschaften!$C$20:$C$27,Eigenschaften!$B$20:$B$27) -> Konstitution | Q122: =_xlfn.XLOOKUP(P122,Eigenschaften!$B$20:$B$27,Eigenschaften!$H$20:$H$27,"NaN",1) -> 12 | S122: {=_xlfn.TEXTSPLIT(F122,"/",,,,3)} -> MU | T122: CH | U122: KO | V122: =IF(ISNUMBER(SEARCH(V$32,$H122)),1,0) -> 0 | W122: =IF(ISNUMBER(SEARCH(W$32,$H122)),1,0) -> 0 | X122: =IF(ISNUMBER(SEARCH(X$32,$H122)),1,0) -> 0 | Y122: =IF(ISNUMBER(SEARCH(Y$32,$H122)),1,0) -> 1 | Z122: =IF(ISNUMBER(SEARCH(Z$32,$H122)),1,0) -> 0 | AA122: =IF(ISNUMBER(SEARCH(AA$32,$H122)),1,0) -> 0 | AB122: =IF(ISNUMBER(SEARCH(AB$32,$H122)),1,0) -> 1 | AC122: =IF(ISNUMBER(SEARCH(AC$32,$H122)),1,0) -> 0 | ... AV122: =IF(ISNUMBER(SEARCH(AV$32,$H122)),1,0) -> 0
A123: Hexenkrallen | B123: =L123&": "&M123&" | "&N123&": "&O123&" | "&P123&": "&Q123 -> Mut: 13 | Intuition: 15 | Konstitution: 12 | C123: TRUE | D123: TRUE | E123: =ISNUMBER(FIND($B$1,I123)) -> TRUE | F123: MU/IN/KO | G123: C | H123: Eigenschaften, Form | I123: Hex3 | J123: =_xlfn.XLOOKUP(G123,Rechner!$A$17:$A$25,Rechner!$B$17:$B$25) -> 4 | K123: =_xlfn.XLOOKUP(J123-SUMIF($V$31:$AV$31,TRUE,V123:AV123)-IF(D123=TRUE,1,0),Rechner!$B$17:$B$25,Rechner!$A$17:$A$25,"A+") -> A | L123: =_xlfn.XLOOKUP(S123,Eigenschaften!$C$20:$C$27,Eigenschaften!$B$20:$B$27) -> Mut | M123: =_xlfn.XLOOKUP(L123,Eigenschaften!$B$20:$B$27,Eigenschaften!$H$20:$H$27,"NaN",1) -> 13 | N123: =_xlfn.XLOOKUP(T123,Eigenschaften!$C$20:$C$27,Eigenschaften!$B$20:$B$27) -> Intuition | O123: =_xlfn.XLOOKUP(N123,Eigenschaften!$B$20:$B$27,Eigenschaften!$H$20:$H$27,"NaN",1) -> 15 | P123: =_xlfn.XLOOKUP(U123,Eigenschaften!$C$20:$C$27,Eigenschaften!$B$20:$B$27) -> Konstitution | Q123: =_xlfn.XLOOKUP(P123,Eigenschaften!$B$20:$B$27,Eigenschaften!$H$20:$H$27,"NaN",1) -> 12 | S123: {=_xlfn.TEXTSPLIT(F123,"/",,,,3)} -> MU | T123: IN | U123: KO | V123: =IF(ISNUMBER(SEARCH(V$32,$H123)),1,0) -> 0 | W123: =IF(ISNUMBER(SEARCH(W$32,$H123)),1,0) -> 0 | X123: =IF(ISNUMBER(SEARCH(X$32,$H123)),1,0) -> 1 | Y123: =IF(ISNUMBER(SEARCH(Y$32,$H123)),1,0) -> 0 | Z123: =IF(ISNUMBER(SEARCH(Z$32,$H123)),1,0) -> 0 | AA123: =IF(ISNUMBER(SEARCH(AA$32,$H123)),1,0) -> 0 | AB123: =IF(ISNUMBER(SEARCH(AB$32,$H123)),1,0) -> 0 | AC123: =IF(ISNUMBER(SEARCH(AC$32,$H123)),1,0) -> 0 | ... AV123: =IF(ISNUMBER(SEARCH(AV$32,$H123)),1,0) -> 0 | AW123: 9 | AX123: 3 Aktionen | AY123: 3 AsP + 1 AsP SR | AZ123: selbst | BA123: je nach AsP max. ZfP*/2 SR
A124: Große Verwirrung | B124: =L124&": "&M124&" | "&N124&": "&O124&" | "&P124&": "&Q124 -> Klugheit: 12 | Klugheit: 12 | Charisma: 15 | C124: FALSE | D124: FALSE | E124: =ISNUMBER(FIND($B$1,I124)) -> FALSE | F124: KL/KL/CH | G124: C | H124: Eigenschaften | I124: Dru7, Geo7, Sch3 | J124: =_xlfn.XLOOKUP(G124,Rechner!$A$17:$A$25,Rechner!$B$17:$B$25) -> 4 | K124: =_xlfn.XLOOKUP(J124-SUMIF($V$31:$AV$31,TRUE,V124:AV124)-IF(D124=TRUE,1,0),Rechner!$B$17:$B$25,Rechner!$A$17:$A$25,"A+") -> B | L124: =_xlfn.XLOOKUP(S124,Eigenschaften!$C$20:$C$27,Eigenschaften!$B$20:$B$27) -> Klugheit | M124: =_xlfn.XLOOKUP(L124,Eigenschaften!$B$20:$B$27,Eigenschaften!$H$20:$H$27,"NaN",1) -> 12 | N124: =_xlfn.XLOOKUP(T124,Eigenschaften!$C$20:$C$27,Eigenschaften!$B$20:$B$27) -> Klugheit | O124: =_xlfn.XLOOKUP(N124,Eigenschaften!$B$20:$B$27,Eigenschaften!$H$20:$H$27,"NaN",1) -> 12 | P124: =_xlfn.XLOOKUP(U124,Eigenschaften!$C$20:$C$27,Eigenschaften!$B$20:$B$27) -> Charisma | Q124: =_xlfn.XLOOKUP(P124,Eigenschaften!$B$20:$B$27,Eigenschaften!$H$20:$H$27,"NaN",1) -> 15 | S124: {=_xlfn.TEXTSPLIT(F124,"/",,,,3)} -> KL | T124: KL | U124: CH | V124: =IF(ISNUMBER(SEARCH(V$32,$H124)),1,0) -> 0 | W124: =IF(ISNUMBER(SEARCH(W$32,$H124)),1,0) -> 0 | X124: =IF(ISNUMBER(SEARCH(X$32,$H124)),1,0) -> 1 | Y124: =IF(ISNUMBER(SEARCH(Y$32,$H124)),1,0) -> 0 | Z124: =IF(ISNUMBER(SEARCH(Z$32,$H124)),1,0) -> 0 | AA124: =IF(ISNUMBER(SEARCH(AA$32,$H124)),1,0) -> 0 | AB124: =IF(ISNUMBER(SEARCH(AB$32,$H124)),1,0) -> 0 | AC124: =IF(ISNUMBER(SEARCH(AC$32,$H124)),1,0) -> 0 | ... AV124: =IF(ISNUMBER(SEARCH(AV$32,$H124)),1,0) -> 0
A125: Halluzination | B125: =L125&": "&M125&" | "&N125&": "&O125&" | "&P125&": "&Q125 -> Klugheit: 12 | Intuition: 15 | Charisma: 15 | C125: FALSE | D125: FALSE | E125: =ISNUMBER(FIND($B$1,I125)) -> TRUE | F125: KL/IN/CH | G125: C | H125: Herrschaft | I125: Dru5, Geo4, Hex(Dru)2, Mag(Dru)2, Srl(Geo)2 | J125: =_xlfn.XLOOKUP(G125,Rechner!$A$17:$A$25,Rechner!$B$17:$B$25) -> 4 | K125: =_xlfn.XLOOKUP(J125-SUMIF($V$31:$AV$31,TRUE,V125:AV125)-IF(D125=TRUE,1,0),Rechner!$B$17:$B$25,Rechner!$A$17:$A$25,"A+") -> C | L125: =_xlfn.XLOOKUP(S125,Eigenschaften!$C$20:$C$27,Eigenschaften!$B$20:$B$27) -> Klugheit | M125: =_xlfn.XLOOKUP(L125,Eigenschaften!$B$20:$B$27,Eigenschaften!$H$20:$H$27,"NaN",1) -> 12 | N125: =_xlfn.XLOOKUP(T125,Eigenschaften!$C$20:$C$27,Eigenschaften!$B$20:$B$27) -> Intuition | O125: =_xlfn.XLOOKUP(N125,Eigenschaften!$B$20:$B$27,Eigenschaften!$H$20:$H$27,"NaN",1) -> 15 | P125: =_xlfn.XLOOKUP(U125,Eigenschaften!$C$20:$C$27,Eigenschaften!$B$20:$B$27) -> Charisma | Q125: =_xlfn.XLOOKUP(P125,Eigenschaften!$B$20:$B$27,Eigenschaften!$H$20:$H$27,"NaN",1) -> 15 | S125: {=_xlfn.TEXTSPLIT(F125,"/",,,,3)} -> KL | T125: IN | U125: CH | V125: =IF(ISNUMBER(SEARCH(V$32,$H125)),1,0) -> 0 | W125: =IF(ISNUMBER(SEARCH(W$32,$H125)),1,0) -> 0 | X125: =IF(ISNUMBER(SEARCH(X$32,$H125)),1,0) -> 0 | Y125: =IF(ISNUMBER(SEARCH(Y$32,$H125)),1,0) -> 0 | Z125: =IF(ISNUMBER(SEARCH(Z$32,$H125)),1,0) -> 0 | AA125: =IF(ISNUMBER(SEARCH(AA$32,$H125)),1,0) -> 0 | AB125: =IF(ISNUMBER(SEARCH(AB$32,$H125)),1,0) -> 0 | AC125: =IF(ISNUMBER(SEARCH(AC$32,$H125)),1,0) -> 0 | ... AV125: =IF(ISNUMBER(SEARCH(AV$32,$H125)),1,0) -> 0
